Code Résidence ACM,Nom Résidence,Rue,Code postal,Ville,AdresseComplète,Longitude,Latitude,Zone_Sensible,Secteur,Date de Construction,Prochaine Rénovation,Date d'Acquisition,Nbre,<18,18-24,25-49,50-64,65-74,>=75
1,ZUCCARELLI,100 RUE DU FAUBOURG FIGUEROLLES,34070,MONTPELLIER,0001 ZUCCARELLI 100RUEDUFAUBOURGFIGUEROLLES 34070 MONTPELLIER,3.860940845,43.60577483,QPV,Secteur Gely,19450101,19850101,19450101,1,14,5,18,,7,11
2,ASTRUC,RUE DES CORONILLES,34070,MONTPELLIER,0002 ASTRUCRUEDESCORONILLES 34070 MONTPELLIER,3.853708514,43.61172431,Hors QPV,Secteur Astruc,19500101,19900101,19500101,1,105,41,96,93,36,26
5,AIGUERELLE,rue A ARNAVIELLE,34070,MONTPELLIER,0005 AIGUERELLERUEAARNAVIELLE 34070 MONTPELLIER,3.88562,43.601749,Hors QPV,Secteur Rives du Lez,19570601,19970601,19570601,1,39,2,34,16,13,6
6,AUBES-1,rue DES PASSEREAUX,34000,MONTPELLIER,0006 AUBES1RUEDESPASSEREAUX 34000 MONTPELLIER,3.892586,43.618469,Hors QPV,Secteur Pompignane,19610101,20010101,19610101,1,34,11,27,13,9,5
7,GELY,place JEAN DORAT,34070,MONTPELLIER,0007 GELYPLACEJEANDORAT 34070 MONTPELLIER,3.858168247,43.60577724,QPV,Secteur Gely,19620101,20020101,19620101,1,120,50,156,92,44,27
8,LEMASSON,bld PEDRO DE LUNA,34070,MONTPELLIER,0008 LEMASSONBLDPEDRODELUNA 34070 MONTPELLIER,3.871694,43.592873,QPV,Secteur Lemasson,19640101,20040101,19640101,1,280,153,272,212,86,89
9,LAKANAL,Rue lakanal,34000,MONTPELLIER,0009 LAKANALRUELAKANAL 34000 MONTPELLIER,3.873753,43.619492,Hors QPV,Secteur Beaux Arts,19640101,20040101,19640101,1,1,2,3,3,4,2
10,AUBES-2,rue DES PASSEREAUX,34000,MONTPELLIER,0010 AUBES2RUEDESPASSEREAUX 34000 MONTPELLIER,3.891963,43.617943,Hors QPV,Secteur Pompignane,19650101,20050101,19650101,1,29,10,30,32,21,11
11,JEAN VILAR,RUE DES MARRONNIERS,34000,MONTPELLIER,0011 JEANVILARRUEDESMARRONNIERS 34000 MONTPELLIER,3.883356,43.597286,Hors QPV,Secteur Rives du Lez,20100601,20500601,20100601,1,0,3,5,7,7,4
12,P.DU LOUP,Rue des manguiers,34070,MONTPELLIER,0012 PDULOUPRUEDESMANGUIERS 34070 MONTPELLIER,3.848128,43.600807,QPV,Secteur Pas du Loup,19641201,20041201,19641201,1,40,23,51,40,22,23
13,JUPITER,AV DE BARCELONE,34080,MONTPELLIER,0013 JUPITERAVDEBARCELONE 34080 MONTPELLIER,3.819308,43.625256,QPV,Secteur Jupiter,19670101,20070101,19670101,1,214,67,162,96,73,34
14,JUSTICE,RUE DU MAJOR FLANDRE,34090,MONTPELLIER,0014 JUSTICE RUEDUMAJORFLANDRE 34090 MONTPELLIER,3.874352,43.627403,Hors QPV,Secteur Vert Bois,19670101,20070101,19670101,1,62,33,100,80,41,49
15,URANUS,rue DE LA HAYE,34080,MONTPELLIER,0015 URANUSRUEDELAHAYE 34080 MONTPELLIER,3.820571,43.628941,QPV,Secteur Uranus,19680501,20080501,19680501,1,140,54,131,78,61,52
16,SATURNE,RUE DE BARI,34080,MONTPELLIER,0016 SATURNERUEDEBARI 34080 MONTPELLIER,3.820894,43.627674,QPV,Secteur Uranus,19691115,20091115,19691115,1,120,45,93,73,33,34
17,PLUTON,RUE DE L'AGATHOIS,34080,MONTPELLIER,0017 PLUTONRUEDELAGATHOIS 34080 MONTPELLIER,3.824811,43.630863,QPV,Secteur Gémeaux,19690101,20090101,19690101,1,21,5,13,11,5,2
18,VENUS,av DE HEIDELBERG,34080,MONTPELLIER,0018 VENUSAVDEHEIDELBERG 34080 MONTPELLIER,3.812953,43.623356,QPV,Secteur Cap dou Mail,19700101,20100101,19700101,1,12,4,10,10,8,18
19,MERCURE,AV DE BARCELONE,34080,MONTPELLIER,0019 MERCUREAVDEBARCELONE 34080 MONTPELLIER,3.8182,43.622253,QPV,Secteur Jupiter,19700201,20100201,19700201,1,139,64,139,86,58,50
20,NEPTUNE,RUE D'UPPSALA,34080,MONTPELLIER,0020 NEPTUNERUEDUPPSALA 34080 MONTPELLIER,3.821088,43.630054,QPV,Secteur Gémeaux,19700601,20100601,19700601,1,82,28,74,45,38,32
22,P.VALERY 1,rue MARRAT,34070,MONTPELLIER,0022 PVALERY1RUEMARRAT 34070 MONTPELLIER,3.84477,43.600151,QPV,Secteur Paul Valery,19710401,20110401,19710401,1,8,3,8,8,5,3
23,P.VALERY 2,Rue Robespierre,34070,MONTPELLIER,0023 PVALERY2RUEROBESPIERRE 34070 MONTPELLIER,3.844934,43.599083,QPV,Secteur Paul Valery,19710601,20110601,19710601,1,317,125,264,178,94,58
26,F.FABREGES,bld F.FABREGES,34250,PALAVAS LES FLOTS,0026 FFABREGESBLDFFABREGES 34250 PALAVASLESFLOTS,3.925865,43.527828,Hors QPV,Secteur Agglomération,19730901,20130901,19730901,1,4,2,3,11,8,7
28,LE SALAISON,square JEAN JAURES,34920,LE CRES,0028 LESALAISONSQUAREJEANJAURES 34920 LECRES,3.942664,43.656845,Hors QPV,Secteur Agglomération,19750601,20150601,19750601,1,31,16,32,30,15,15
29,JUNON,rue DE LIEGE,34080,MONTPELLIER,0029 JUNONRUEDELIEGE 34080 MONTPELLIER,3.812927,43.623871,QPV,Secteur Cap dou Mail,19751201,20151201,19751201,1,29,13,19,21,13,9
30,POMPIGNANE,rue MARIE DURAND,34000,MONTPELLIER,0030 POMPIGNANERUEMARIEDURAND 34000 MONTPELLIER,3.90249,43.620304,QPV,Secteur Pompignane,19760201,20160201,19760201,1,255,93,240,204,100,65
31,CERES,RUE PIERRE CARDENAL,34080,MONTPELLIER,0031 CERES RUEPIERRECARDENAL 34080 MONTPELLIER,3.819726,43.638947,QPV,Secteur Gênes,19760101,20160101,19760101,1,75,24,57,41,32,31
35,ESCHOLIERS,chem DES TOURTERELLES,34090,MONTPELLIER,0035 ESCHOLIERSCHEMDESTOURTERELLES 34090 MONTPELLIER,3.880407,43.627029,QPV,Secteur Aiguelongue,19641001,20041001,19641001,1,5,1,24,39,17,17
36,A. CABANEL,rue ALEXANDRE CABANEL,34000,MONTPELLIER,0036 ACABANELRUEALEXANDRECABANEL 34000 MONTPELLIER,3.875733326,43.60733415,Hors QPV,Secteur Beaux Arts,19000101,19400101,19831101,1,2,1,5,1,2,1
37,CAZOT,av DE L'ABBE BROCARDI,34250,PALAVAS LES FLOTS,0037 CAZOTAVDELABBEBROCARDI 34250 PALAVASLESFLOTS,3.928531,43.53064,Hors QPV,Secteur Agglomération,19770815,20170815,19770815,1,2,1,2,7,5,5
39,AIGOUAL DOURBIES,grand mail,34080,MONTPELLIER,0039 AIGOUALDOURBIESGRANDMAIL 34080 MONTPELLIER,3.816068,43.623234,QPV,Secteur Cap dou Mail,19780415,20180415,19780415,1,76,34,62,40,24,19
40,M.VILLARET,rue MAS DE VILLARET,34070,MONTPELLIER,0040 VILLARETRUEMASDEVILLARET 34070 MONTPELLIER,3.864323,43.59174,Hors QPV,Secteur Croix d'argent,19790201,20190201,19790201,1,14,11,21,20,10,4
41,F.DEZEUZE,rue FRANCOIS DEZEUZE,34070,MONTPELLIER,0041 FDEZEUZERUEFRANCOISDEZEUZE 34070 MONTPELLIER,3.840459,43.608067,Hors QPV,Secteur Pas du Loup,19790201,20190201,19790201,1,49,24,47,36,28,18
42,SAYSSET 2,rue R. DE MIREPOIX,34070,MONTPELLIER,0042 SAYSSET2RUERDEMIREPOIX 34070 MONTPELLIER,3.894503,43.589817,Hors QPV,Secteur Près d'arènes,19790415,20190415,19790415,1,0,1,4,9,4,4
43,BROUSSOUS,av XAVIER DE RICARD,34000,MONTPELLIER,0043 BROUSSOUSAVXAVIERDERICARD 34000 MONTPELLIER,3.891648,43.621792,Hors QPV,Secteur Pompignane,19790515,20190515,19790515,1,4,1,15,9,9,3
44,VERT BOIS,rue GABRIEL LUSCAN,34090,MONTPELLIER,0044 VERTBOISRUEGABRIELLUSCAN 34090 MONTPELLIER,3.868341,43.637897,QPV,Secteur Vert Bois,19791001,20191001,19791001,1,97,47,82,87,43,37
47,GENES 1,rue DE GENES,34080,MONTPELLIER,0047 GENES1RUEDEGENES 34080 MONTPELLIER,3.813386,43.64027,QPV,Secteur Gênes,19800801,20200801,19800801,1,75,32,59,41,23,12
50,GENES 2,rue DE GENES,34080,MONTPELLIER,0050 GENES2RUEDEGENES 34080 MONTPELLIER,3.814202,43.64146,QPV,Secteur Gênes,19810115,20210115,19810115,1,72,9,52,19,10,7
52,FONTCOUVERTE,rue de FONTCOUVERTE,34070,MONTPELLIER,0052 FONTCOUVERTERUEDEFONTCOUVERTE 34070 MONTPELLIER,3.856354155,43.59778547,Hors QPV,Secteur Pas du Loup,19810401,20210401,19810401,1,2,2,3,3,0,2
53,LA TREILLE,810 avenue de maurin,34070,MONTPELLIER,0053 LATREILLE 810AVENUEDEMAURIN 34070 MONTPELLIER,3.874052,43.597279,Hors QPV,Secteur Lemasson,19810501,20210501,19810501,1,1,0,0,2,0,0
55,J.JAURES,rue J.JAURES,34730,PRADES LE LEZ,0055 JJAURESRUEJJAURES 34730 PRADESLELEZ,3.864291,43.698284,Hors QPV,Secteur Agglomération,19810101,20210101,19810101,1,13,6,10,9,6,2
72,SAYSSET 1,Rue Rogier de Mirepoix,34070,MONTPELLIER,0072 SAYSSET1RUEROGIERDEMIREPOIX 34070 MONTPELLIER,3.893538,43.591518,Hors QPV,Secteur Près d'arènes,19790415,20190415,19790415,1,1,3,1,2,0,1
75,L. MICHEL,imp LOUISE MICHEL,34730,PRADES LE LEZ,0075 LMICHELIMPLOUISEMICHEL 34730 PRADESLELEZ,3.865621,43.697891,Hors QPV,Secteur Agglomération,19831201,20231201,19831201,1,9,5,8,11,5,2
82,BOUISSETTES,rue JEAN BIMAR,34070,MONTPELLIER,0082 BOUISSETTESRUEJEANBIMAR 34070 MONTPELLIER,3.832598,43.606014,Hors QPV,Secteur Pas du Loup,19840901,20240901,19840901,1,3,0,2,3,3,0
86,L'OCTROI,ave DE PALAVAS,34070,MONTPELLIER,0086 LOCTROIAVEDEPALAVAS 34070 MONTPELLIER,3.886203,43.599194,Hors QPV,Secteur Rives du Lez,19830815,20230815,19830815,1,28,26,23,36,12,3
92,DU STADE 1,rue ANDRE AUGUSTE,34400,LUNEL VIEL,0092 DUSTADE1RUEANDREAUGUSTE 34400 LUNELVIEL,4.089034,43.677498,Hors QPV,Secteur Lunel,19970315,20370315,19841015,1,17,9,15,13,1,1
95,LA CADELLE,rue DE LA CADELLE,34680,ST GEORGES D'ORQUES,0095 LACADELLERUEDELACADELLE 34680 STGEORGESDORQUES,3.774577,43.610718,Hors QPV,Secteur Agglomération,19830701,20230701,19830701,1,5,4,3,6,0,1
97,VAL DE CROZE VI,pl. SAINT SIMON,34070,MONTPELLIER,0097 VALDECROZEVIPLSAINTSIMON 34070 MONTPELLIER,3.841659,43.592922,QPV,Secteur Val De Croze,19850701,20250701,19850701,1,30,13,24,18,7,7
104,VERRERIE,rue VERRERIE BASSE,34000,MONTPELLIER,0104 VERRERIERUEVERRERIEBASSE 34000 MONTPELLIER,3.878404045,43.61349091,Hors QPV,Secteur Beaux Arts,19000101,19400101,19860101,1,3,0,2,3,0,0
113,PLACE DES HEROS,pl. DES HEROS,34750,VILLENEUVE LES MAGUELONE,0113 PLACEDESHEROSPLDESHEROS 34750 VILLENEUVELESMAGUELONE,3.860836,43.533142,Hors QPV,Secteur Agglomération,19000101,19400101,19911001,1,1,1,0,2,0,2
115,MAS FAROUCH,1 RUE MAS FAROUCH,34880,LAVERUNE,0115 MASFAROUCH 1RUEMASFAROUCH 34880 LAVERUNE,3.801974,43.587425,Hors QPV,Secteur Agglomération,19850701,20250701,19850701,1,8,9,9,15,8,8
117,TOURNEZYA4,RUE GASTON DEFFERRE,34000,MONTPELLIER,0117 TOURNEZYRUEGASTONDEFFERRE 34000 MONTPELLIER,3.878008,43.580784,QPV,Secteur Tournezy,19860420,20260420,19860420,1,31,9,26,24,7,4
123,VAL DE CROZE VII,pl. FOURIER,34070,MONTPELLIER,0123 VALDECROZEVIIPLFOURIER 34070 MONTPELLIER,3.841995,43.593678,QPV,Secteur Val De Croze,19860101,20260101,19860101,1,37,15,29,28,3,7
124,VAL DE CROZE VIII,PLACE DE CHINE,34070,MONTPELLIER,0124 VALDECROZEVIIIPLACEDECHINE 34070 MONTPELLIER,3.841269,43.593521,QPV,Secteur Val De Croze,19870301,20270301,19870301,1,59,29,52,37,8,2
129,V CROZE 15,rue DE CHENG DU,34070,MONTPELLIER,0129 VCROZE15RUEDECHENGDU 34070 MONTPELLIER,3.840714,43.594379,QPV,Secteur Val De Croze,19880601,20280601,19880601,1,35,10,28,17,6,3
131,GEORGES FABRE,imp DE CHALDÉE,34070,MONTPELLIER,0131 GEORGESFABREIMPDECHALDEE 34070 MONTPELLIER,3.839484,43.595249,QPV,Secteur Val De Croze,19900801,20300801,19900801,1,7,3,13,14,8,5
132,STADE 2,rue ANDRE AUGUSTE,34400,LUNEL VIEL,0132 STADE2 RUEANDREAUGUSTE 34400 LUNELVIEL,4.089083,43.677292,Hors QPV,Secteur Lunel,19841015,20241015,19841015,1,0,0,1,0,3,1
133,TOURNEZYA5,rue DU PROF. HARANT,34070,MONTPELLIER,0133 TOURNEZYA5RUEDUPROFHARANT 34070 MONTPELLIER,3.876994,43.580555,QPV,Secteur Tournezy,19870201,20270201,19870201,1,14,6,17,12,6,2
134,TOURNEZYA6,rue PROF.A.BALMES,34000,MONTPELLIER,0134 TOURNEZYA6RUEPROFABALMES 34000 MONTPELLIER,3.876353,43.580555,QPV,Secteur Tournezy,19870201,20270201,19870201,1,10,2,11,6,7,0
135,JEU DE MAIL,rue SUBSTANTION,34000,MONTPELLIER,0135 JEUDEMAILRUESUBSTANTION 34000 MONTPELLIER,3.882515,43.61718,Hors QPV,Secteur Beaux Arts,19861015,20261015,19861015,1,47,20,34,28,26,16
137,BL. PASCAL,crs NEWTON,34000,MONTPELLIER,0137 BLPASCALCRSNEWTON 34000 MONTPELLIER,3.903397,43.610886,Hors QPV,Secteur Millénaire,19880801,20280801,19880801,1,16,4,27,12,10,3
140,B.DU JUGE,rue B. LAPOINTE,34740,VENDARGUES,0140 BDUJUGERUEBLAPOINTE 34740 VENDARGUES,3.976273,43.660938,Hors QPV,Secteur Agglomération,19880601,20280601,19880601,1,22,15,25,17,14,12
142,RUE DU BERGER,rue DU BERGER,34000,MONTPELLIER,0142 RUEDUBERGER RUEDUBERGER 34000 MONTPELLIER,3.878398464,43.61309362,Hors QPV,Secteur Beaux Arts,19000101,19400101,19871215,1,0,0,1,1,0,1
144,AMPERE,RUE HIPPOLYTE FIZEAU,34000,MONTPELLIER,0144 AMPERERUEHIPPOLYTEFIZEAU 34000 MONTPELLIER,3.912516,43.615715,Hors QPV,Secteur Millénaire,19931101,20331101,19931101,1,14,8,23,25,8,7
149,CHATEAU DE FABREGUES,place PAUL BERT,34690,FABREGUES,0149 CHATEAUDEFABREGUES PLACEPAULBERT 34690 FABREGUES,3.776421,43.551727,Hors QPV,Secteur Agglomération,19880401,20280401,19880401,1,4,0,5,2,0,0
150,RUE DE LA MONNAIE,rue DE LA MONNAIE,34000,MONTPELLIER,0150 RUEDELAMONNAIE RUEDELAMONNAIE 34000 MONTPELLIER,3.879099897,43.61081803,Hors QPV,Secteur Beaux Arts,19000101,19400101,19870101,1,1,0,2,1,0,0
151,BRUYERES,11 rue DES MEGISSIERS,34070,MONTPELLIER,0151 BRUYERES 11RUEDESMEGISSIERS 34070 MONTPELLIER,3.833184,43.608097,Hors QPV,Secteur Pas du Loup,19870731,20270731,19870731,1,3,0,2,4,8,2
153,FORSYTHIAS,rue DES FORSYTIAS,34730,PRADES LE LEZ,0153 FORSYTHIASRUEDESFORSYTIAS 34730 PRADESLELEZ,3.866609,43.688511,Hors QPV,Secteur Agglomération,19881001,20281001,19881001,1,3,2,0,5,2,2
155,LEONARD DE VINCI,RUE PAUL LANGEVIN,34000,MONTPELLIER,0155 LDEVINCI RUEPAULLANGEVIN 34000 MONTPELLIER,3.907551,43.612812,Hors QPV,Secteur Millénaire,19880501,20280501,19880501,1,24,10,30,24,16,6
162,LE RIALTO,RUE FRANCOIS D'ORBAY,34080,MONTPELLIER,0162 LERIALTORUEFRANCOISDORBAY 34080 MONTPELLIER,3.824355,43.61417,QPV,Secteur Celleneuve,19890201,20290201,19890201,1,10,3,13,5,6,5
163,LE MAIL,pl. CHARLES DE GAULLE,34670,BAILLARGUES,0163 LEMAILPLCHARLESDEGAULLE 34670 BAILLARGUES,4.019059,43.666584,Hors QPV,Secteur Agglomération,19910415,20310415,19910415,1,11,4,22,16,5,3
168,MARIE CAIZERGUES,rue MARIE CAIZERGUES,34000,MONTPELLIER,0168 MARIECAIZERGUESRUEMARIECAIZERGUES 34000 MONTPELLIER,3.873889,43.619778,Hors QPV,Secteur Beaux Arts,19920609,20320609,19920609,1,8,1,16,6,5,6
172,LE CHAI ROCHET,av de la REPUBLIQUE,34400,LUNEL VIEL,0172 LECHAIROCHETAVDELAREPUBLIQUE 34400 LUNELVIEL,4.087949,43.677788,Hors QPV,Secteur Lunel,19000101,19400101,19931115,1,2,3,2,2,0,1
173,LES IRIS,rue FERDINAND DE LESSEPS,34070,MONTPELLIER,0173 LESIRISRUEFERDINANDDELESSEPS 34070 MONTPELLIER,3.878106,43.593204,Hors QPV,Secteur Gare,19901001,20301001,19901001,1,13,14,25,34,20,17
176,BL.PASCAL2,RUE RENE DESCARTES,34000,MONTPELLIER,0176 BLPASCAL2RUERENEDESCARTES 34000 MONTPELLIER,3.903196,43.611343,Hors QPV,Secteur Millénaire,19890701,20290701,19890701,1,16,7,23,22,4,2
181,B.ARTS 3,rue SUBSTANTION,34000,MONTPELLIER,0181 BARTS3RUESUBSTANTION 34000 MONTPELLIER,3.882637,43.616444,Hors QPV,Secteur Beaux Arts,19890201,20290201,19890201,1,2,4,8,8,4,5
182,B.ARTS 2,ESP DE LA MUSIQUE,34000,MONTPELLIER,0182 BARTS2ESPDELAMUSIQUE 34000 MONTPELLIER,3.8821,43.616417,Hors QPV,Secteur Beaux Arts,19881215,20281215,19881215,1,4,3,8,10,4,6
183,BEAUX ARTS,rue DE LA CAVALERIE,34000,MONTPELLIER,0183 BEAUXARTSRUEDELACAVALERIE 34000 MONTPELLIER,3.881515,43.616734,Hors QPV,Secteur Beaux Arts,19881001,20281001,19881001,1,16,3,14,12,6,7
184,TOUR DE L'EGLISE,Place de l'Eglise,34080,MONTPELLIER,0184 TOURDELEGLISEPLACEDELEGLISE 34080 MONTPELLIER,3.828381,43.61314,Hors QPV,Secteur Celleneuve,19000101,19400101,19910901,1,1,1,0,2,0,1
188,MONTAUBEROU,av ALBERT EINSTEIN,34000,MONTPELLIER,0188 MONTAUBEROUAVALBERTEINSTEIN 34000 MONTPELLIER,3.916969,43.611721,Hors QPV,Secteur Millénaire,19880101,20280101,19880101,1,21,19,43,22,5,6
189,HOTEL ARMAND,RUE DE CANDOLLE,34000,MONTPELLIER,0189 HOTELARMANDRUEDECANDOLLE 34000 MONTPELLIER,3.8757734,43.6128075,Hors QPV,Secteur Beaux Arts,19000101,19400101,19900129,1,5,0,4,4,0,3
190,MAS DE CHOLET,RUE SAINTE SARA,34000,MONTPELLIER,0190 MASDECHOLETRUESAINTESARA 34000 MONTPELLIER,3.88371,43.5826,QPV,Secteur Tournezy,19900719,20300719,19900719,1,14,9,24,14,0,3
191,LES ARENES,rue DES TAULIS,34400,LUNEL VIEL,0191 LESARENESRUEDESTAULIS 34400 LUNELVIEL,4.087448,43.675995,Hors QPV,Secteur Lunel,20000901,20400901,19891001,1,27,13,23,29,6,5
194,TOURNEZY11,RUE GASTON DEFFERRE,34070,MONTPELLIER,0194 TOURNEZY11RUEGASTONDEFFERRE 34070 MONTPELLIER,3.875797,43.580379,QPV,Secteur Tournezy,19890201,20290201,19890201,1,2,5,7,6,6,2
197,ALAIN SAVARY(FOYER),340 RUE MAURICE ET KATIA KRAFT,34000,MONTPELLIER,0197 ALAINSAVARYFOYER 340RUEMAURICE&KATIAKRAFT 34000 MONTPELLIER,43.63744148269568,3.8499038974183812,Hors QPV,,20080901,20480901,20080901,1,0,0,0,0,0,0
198,WASHINGTON,RUE DU LANGUEDOC,34000,MONTPELLIER,0198 WASHINGTONRUEDULANGUEDOC 34000 MONTPELLIER,3.859057778,43.61185405,Hors QPV,Secteur Astruc,19910801,20310801,19910801,1,10,5,12,15,6,1
203,FAUBOURG FIGUEROLLES,fbg FIGUEROLLES,34070,MONTPELLIER,0203 FAUBOURGFIGUEROLLESFBGFIGUEROLLES 34070 MONTPELLIER,3.867500346,43.60802803,QPV,Secteur Astruc,19000101,19400101,19901001,1,2,0,2,1,0,0
217,AVENUE DE MAURIN,RUE VICTOR ROGER,34070,MONTPELLIER,0217 AVENUEDEMAURINRUEVICTORROGER 34070 MONTPELLIER,3.874993,43.592186,Hors QPV,Secteur Lemasson,19911201,20311201,19911201,1,21,5,33,12,9,7
218,LE CLOS DE LA FONTAINE,COUR LIBERAL BRUANT,34080,MONTPELLIER,0218 LECLOSDELAFONTAINECOURLIBERALBRUANT 34080 MONTPELLIER,3.826053,43.613972,QPV,Secteur Celleneuve,19951231,20351231,19951231,1,0,0,0,0,0,0
219,PETIT PARIS,rue DU PETIT PARIS,34000,MONTPELLIER,0219 PETITPARISRUEDUPETITPARIS 34000 MONTPELLIER,3.876496612,43.60692966,Hors QPV,Secteur Beaux Arts,19000101,19400101,19911101,1,0,0,0,2,4,1
227,RUE DE L'UNIVERSITE,rue DE L'UNIVERSITE,34000,MONTPELLIER,0227 RUEDELUNIVERSITERUEDELUNIVERSITE 34000 MONTPELLIER,3.877044954,43.61298901,Hors QPV,Secteur Beaux Arts,19000101,19400101,19901001,1,0,0,0,2,0,1
229,ADOLPHE MION,rue ADOLPHE MION,34000,MONTPELLIER,0229 ADOLPHEMIONRUEADOLPHEMION 34000 MONTPELLIER,3.881157106,43.60205783,Hors QPV,Secteur Gare,19000101,19400101,19891201,1,0,1,3,2,0,1
231,LA CROIX DU SUD,rue fernandel,34070,MONTPELLIER,0231 LACROIXDUSUDRUEFERNANDEL 34070 MONTPELLIER,3.863647,43.589546,Hors QPV,Secteur Croix d'argent,19931201,20331201,19931201,1,35,8,49,40,12,5
270,3&9 VERRERIE BASSE,rue VERRERIE BASSE,34000,MONTPELLIER,0270 3&9VERRERIEBASSERUEVERRERIEBASSE 34000 MONTPELLIER,3.878319059,43.61360552,Hors QPV,Secteur Beaux Arts,19000101,19400101,19920801,1,0,0,4,3,2,1
274,CROIX DU CAPITAINE,rue CROIX DU CAPITAINE,34000,MONTPELLIER,0274 CROIXDUCAPITAINERUECROIXDUCAPITAINE 34000 MONTPELLIER,3.865266735,43.60231766,Hors QPV,Secteur Astruc,19951001,20351001,19951001,1,7,2,5,2,1,0
276,LES MAZETS DU MAIL,chem CHEMIN DU PRADAS,34670,BAILLARGUES,0276 LESMAZETSDUMAILCHEMCHEMINDUPRADAS 34670 BAILLARGUES,4.01846,43.667446,Hors QPV,Secteur Agglomération,19941122,20341122,19941122,1,12,9,13,14,4,2
279,HAGUENOT,rue HAGUENOT,34000,MONTPELLIER,0279 HAGUENOTRUEHAGUENOT 34000 MONTPELLIER,3.866063344,43.60814372,QPV,Secteur Astruc,19950401,20350401,19950401,1,8,2,8,3,2,0
281,LE MOULIN,rue du moulin de semalen,34000,MONTPELLIER,0281 LEMOULINRUEDUMOULINDESEMALEN 34000 MONTPELLIER,3.895914,43.610153,Hors QPV,Secteur Antigone,19911101,20311101,19911101,1,51,18,61,65,20,8
286,LA NORIA,rue SIMON VOUET,34080,MONTPELLIER,0286 LANORIARUESIMONVOUET 34080 MONTPELLIER,3.826818,43.612545,QPV,Secteur Celleneuve,19950708,20350708,19950708,1,45,13,37,26,9,4
288,EUCLIDE,av JACQUES CARTIER,34000,MONTPELLIER,0288 EUCLIDEAVJACQUESCARTIER 34000 MONTPELLIER,3.894514,43.606308,Hors QPV,Secteur Antigone,19951015,20351015,19951015,1,35,18,48,35,18,13
289,EUROMEDECINE,Rue de PUECH VILLA,34090,MONTPELLIER,0289 EUROMEDECINERUEDEPUECHVILLA 34090 MONTPELLIER,3.830246,43.641247,Hors QPV,Secteur Bastide,19910301,20310301,19910301,1,,,,,,
294,L'ORTET,rue ALBERTINE SARRAZIN,34430,ST JEAN DE VEDAS,0294 LORTETRUEALBERTINESARRAZIN 34430 STJEANDEVEDAS,3.829715,43.576473,Hors QPV,Secteur Agglomération,19951115,20351115,19951115,1,30,9,22,25,8,1
301,LE CRESCENT,pl. JEAN BENE,34000,MONTPELLIER,0301 LECRESCENTPLJEANBENE 34000 MONTPELLIER,3.895846,43.604076,Hors QPV,Secteur Rives du Lez,19960601,20360601,19960601,1,44,30,47,49,17,7
302,RIVES DU LEZ,CHEMIN DES BARQUES,34000,MONTPELLIER,0302 RIVESDULEZCHEMINDESBARQUES 34000 MONTPELLIER,3.895447,43.60416,Hors QPV,Secteur Rives du Lez,20090301,20490301,20090301,1,18,4,11,7,3,0
322,NICOLAS MIGNARD,rue DES ABEILLES,34090,MONTPELLIER,0322 NICOLASMIGNARD RUEDESABEILLES 34090 MONTPELLIER,3.874723,43.619823,Hors QPV,Secteur Beaux Arts,19931201,20331201,19931201,1,9,6,12,8,4,3
325,CARDINAL DE CABRIERES,imp BURGUES,34000,MONTPELLIER,0325 CARDINALDECABRIERESIMPBURGUES 34000 MONTPELLIER,3.874467403,43.61472706,Hors QPV,Secteur Beaux Arts,19000101,19400101,19901101,1,0,0,1,0,1,1
327,SAINT RAVY,rue SAINT RAVY &DE LA VIEILLE,34000,MONTPELLIER,0327 SAINTRAVYRUESAINTRAVY&DELAVIEILLE 34000 MONTPELLIER,3.876988255,43.6095236,Hors QPV,Secteur Beaux Arts,19000101,19400101,19900901,1,0,1,1,1,0,0
329,GALILEE,RUE HIPPOLYTE FIZEAU,34000,MONTPELLIER,0329 GALILEERUEHIPPOLYTEFIZEAU 34000 MONTPELLIER,3.911742,43.615482,Hors QPV,Secteur Millénaire,19900201,20300201,19900201,1,24,6,40,22,11,3
333,PLAN DE L'OLIVIER 1,rue DU PLAN DE L'OLIVIER,34000,MONTPELLIER,0333 PLANDELOLIVIER1RUEDUPLANDELOLIVIER 34000 MONTPELLIER,3.878321623,43.61338012,Hors QPV,Secteur Beaux Arts,19000101,19400101,19950522,1,2,0,2,0,0,0
335,PLAN DE L'OLIVIER 2,rue DU PLAN DE L'OLIVIER,34000,MONTPELLIER,0335 PLANDELOLIVIER2RUEDUPLANDELOLIVIER 34000 MONTPELLIER,3.878194454,43.61344238,Hors QPV,Secteur Beaux Arts,19950515,20350515,19950515,1,1,0,1,3,1,1
336,MALABOUCHE,rue DU DOCTEUR MALABOUCHE,34660,COURNONTERRAL,0336 MALABOUCHE RUEDUDOCTEURMALABOUCHE 34660 COURNONTERRAL,3.718817,43.556519,Hors QPV,Secteur Agglomération,19000101,19400101,19901215,1,3,0,3,1,2,0
339,LE PETIT BARD,rue DES TROLLES,34080,MONTPELLIER,0339 LEPETITBARDRUEDESTROLLES 34080 MONTPELLIER,3.836675,43.61562,QPV,Secteur Celleneuve,19620701,20020701,19940401,1,14,10,23,19,17,9
351,D'ALEMBERT,571 AV DU COMTE DE NICE,34080,MONTPELLIER,0351 DALEMBERT 571AVDUCOMTEDENICE 34080 MONTPELLIER,3.812737,43.641273,QPV,Secteur Gênes,19730701,20130701,19730701,1,,,,,,
356,RUE ECOLE PIES,rue ECOLE PIES,34000,MONTPELLIER,0356 RUEECOLEPIESRUEECOLEPIES 34000 MONTPELLIER,3.877866586,43.61377289,Hors QPV,Secteur Beaux Arts,19000101,19400101,19901101,1,0,0,1,1,1,0
357,RUE POITEVINE,Rue poitevine,34000,MONTPELLIER,0357 RUEPOITEVINERUEPOITEVINE 34000 MONTPELLIER,3.87271174,43.61009742,Hors QPV,Secteur Beaux Arts,19000101,19400101,19901101,1,0,0,0,1,0,0
358,FRANCOIS MIREUR 3,av des DROITS DE L'HOMME,34000,MONTPELLIER,0358 FRANCOISMIREUR3 AVDESDROITSDELHOMME 34000 MONTPELLIER,3.89518,43.603638,Hors QPV,Secteur Rives du Lez,19941215,20341215,19941215,1,25,2,45,17,13,5
359,FRANCOIS MIREUR,AV DU PIREE,34000,MONTPELLIER,0359 FRANCOISMIREURAVDUPIREE 34000 MONTPELLIER,3.89552,43.603451,Hors QPV,Secteur Rives du Lez,19930308,20330308,19930308,1,28,5,43,48,25,5
360,L'ANCIENNE POSTE,rte DE LODEVE,34080,MONTPELLIER,0360 LANCIENNEPOSTERTEDELODEVE 34080 MONTPELLIER,3.827158,43.614986,Hors QPV,Secteur Celleneuve,19000101,19400101,19910901,1,0,0,0,1,0,1
361,LA TRILOGIE,RUE MARCEL PAGNOL,34400,LUNEL VIEL,0361 LATRILOGIERUEMARCELPAGNOL 34400 LUNELVIEL,4.095087,43.673073,Hors QPV,Secteur Lunel,19960615,20360615,19960615,1,13,4,17,11,9,3
366,ERNEST GRANIER,RUE FAVRE DE SAINT CASTOR,34080,MONTPELLIER,0366 ERNESTGRANIERRUEFAVREDESAINTCASTOR 34080 MONTPELLIER,3.827511,43.615108,Hors QPV,Secteur Celleneuve,19961001,20361001,19961001,1,12,7,15,13,8,5
369,LE PETIT PRINCE,rue fernandel,34000,MONTPELLIER,0369 LEPETITPRINCERUEFERNANDEL 34000 MONTPELLIER,3.864336,43.589481,Hors QPV,Secteur Croix d'argent,19960201,20360201,19960201,1,17,9,20,22,11,4
370,PETIT BOIS DE LA COLLINE,rue PERE JOURDAN,34000,MONTPELLIER,0370 PETITBOISDELACOLLINERUEPEREJOURDAN 34000 MONTPELLIER,3.839333,43.605606,Hors QPV,Secteur Pas du Loup,19970801,20370801,19970801,1,40,12,38,40,7,8
375,FONT DEL REY,pl. LE GRAND MAIL,34080,MONTPELLIER,0375 FONTDELREYPLLEGRANDMAIL 34080 MONTPELLIER,3.816901,43.625015,QPV,Secteur Jupiter,19720101,20120101,19940801,1,0,0,0,0,0,0
381,AMARCORD,av MARIE DE MONTPELLIER,34000,MONTPELLIER,0381 AMARCORDAVMARIEDEMONTPELLIER 34000 MONTPELLIER,3.897606,43.601341,Hors QPV,Secteur Le Damier,19980901,20380901,19980901,1,33,13,43,32,16,9
382,LA CARRIERA,imp DES SEYCHELLES,34080,MONTPELLIER,0382 LACARRIERAIMPDESSEYCHELLES 34080 MONTPELLIER,3.816755,43.641251,QPV,Secteur Gênes,19920210,20320210,19920210,1,20,9,19,20,11,6
383,LES BALEARES,rue LOUIS PERGAUD,34080,MONTPELLIER,0383 LESBALEARESRUELOUISPERGAUD 34080 MONTPELLIER,3.815908,43.641281,QPV,Secteur Gênes,19940301,20340301,19940301,1,25,2,23,2,6,1
388,BEAUX ARTS 4,rue RUE SUBSTANTION,34000,MONTPELLIER,0388 BEAUXARTS4RUERUESUBSTANTION 34000 MONTPELLIER,3.883409,43.617455,Hors QPV,Secteur Beaux Arts,19920601,20320601,19920601,1,11,5,23,14,9,7
393,NOVACERES,av LEPIC,34000,MONTPELLIER,0393 NOVACERESAVLEPIC 34000 MONTPELLIER,3.866644117,43.60146313,Hors QPV,Secteur Astruc,19961201,20361201,19961201,1,17,3,13,13,5,4
396,GUSTAVE EIFFEL,imp HENRI LABROUSTE,34070,MONTPELLIER,0396 GUSTAVEEIFFELIMPHENRILABROUSTE 34070 MONTPELLIER,3.844843,43.595543,Hors QPV,Secteur Val De Croze,19910301,20310301,19910301,1,32,3,34,22,10,6
398,LES ARCADES,rue rouget de lisle,34070,MONTPELLIER,0398 LESARCADESRUEROUGETDELISLE 34070 MONTPELLIER,3.842597,43.594028,QPV,Secteur Val De Croze,19860401,20260401,19860401,1,0,0,0,0,0,0
405,LE MONTAIGNE,rue Daniel Mayer,34080,MONTPELLIER,0405 LEMONTAIGNERUEDANIELMAYER 34080 MONTPELLIER,3.81736,43.633881,QPV,Secteur Uranus,19970601,20370601,19970601,1,33,17,32,16,13,7
406,4 AOUT 1789,chem CHEMIN DE MOULARES,34000,MONTPELLIER,0406 4AOUT1789CHEMCHEMINDEMOULARES 34000 MONTPELLIER,3.893958,43.602489,Hors QPV,Secteur Le Damier,19970922,20370922,19970922,1,31,10,41,34,5,8
408,BASTIDES DU MIDI,rue FRANCIS LOPEZ,34090,MONTPELLIER,0408 BASTIDESDUMIDIRUEFRANCISLOPEZ 34090 MONTPELLIER,3.838045,43.636433,Hors QPV,Secteur Bastide,19970415,20370415,19970415,1,37,6,28,21,4,1
412,CITE UNIV. VERT BOIS II,rue de la CHENAIE,34090,MONTPELLIER,0412 CITEUNIVVERTBOISIIRUEDELACHENAIE 34090 MONTPELLIER,43.63549737665817,3.871160194983901,QPV,,20060601,20460601,20060601,1,0,0,0,0,0,0
414,VILLA PETRARQUE,rue GAY-LUSSAC,34000,MONTPELLIER,0414 VILLAPETRARQUERUEGAYLUSSAC 34000 MONTPELLIER,3.836932,43.636574,Hors QPV,Secteur Bastide,19960415,20360415,19960415,1,27,14,20,19,7,2
415,VILLA LAURE,Rue Claude Berthollet,34000,MONTPELLIER,0415 VILLALAURERUECLAUDEBERTHOLLET 34000 MONTPELLIER,3.839379,43.636414,Hors QPV,Secteur Bastide,19960301,20360301,19960301,1,23,9,18,19,4,0
416,BASTIDE DU COUCHANT,rue FRANCIS LOPEZ,34090,MONTPELLIER,0416 BASTIDEDUCOUCHANTRUEFRANCISLOPEZ 34090 MONTPELLIER,3.837542,43.636272,Hors QPV,Secteur Bastide,19970520,20370520,19970520,1,11,6,10,9,3,3
417,BASTIDE DU LEVANT,rue FRANCIS LOPEZ,34090,MONTPELLIER,0417 BASTIDEDULEVANTRUEFRANCISLOPEZ 34090 MONTPELLIER,3.838786,43.635921,Hors QPV,Secteur Bastide,19970602,20370602,19970602,1,14,6,10,6,3,0
421,L'ECRAN,place D'ITALIE,34080,MONTPELLIER,0421 LECRANPLACEDITALIE 34080 MONTPELLIER,3.818312,43.642834,QPV,Secteur Belvedère,19990709,20390709,19990709,1,57,10,36,13,6,1
422,TRILOGIE 2,RUE MARCEL PAGNOL,34400,LUNEL VIEL,0422 TRILOGIE2RUEMARCELPAGNOL 34400 LUNELVIEL,4.094035,43.672234,Hors QPV,Secteur Lunel,20001015,20401015,19970401,1,14,11,17,7,7,5
432,MAURICE UTRILLO,rue YEHUDI MENUHIN,34000,MONTPELLIER,0432 MAURICEUTRILLORUEYEHUDIMENUHIN 34000 MONTPELLIER,3.88474,43.616756,Hors QPV,Secteur Beaux Arts,20010301,20410301,20010301,1,8,5,8,12,4,1
434,LES BORDERIES,rue GAY LUSSAC,34090,MONTPELLIER,0434 LESBORDERIESRUEGAYLUSSAC 34090 MONTPELLIER,3.838155,43.636108,Hors QPV,Secteur Bastide,19980101,20380101,19980101,1,11,3,11,5,3,2
440,MATIN CALME,RUE DU MISTRAL,34250,PALAVAS LES FLOTS,0440 MATINCALMERUEDUMISTRAL 34250 PALAVASLESFLOTS,3.935834,43.530857,Hors QPV,Secteur Agglomération,19920215,20320215,19920215,1,9,1,7,12,12,8
449,SAINT EXUPERY,av VILLENEUVE D'ANGOULEME,34000,MONTPELLIER,0449 SAINTEXUPERYAVVILLENEUVEDANGOULEME 34000 MONTPELLIER,3.860749,43.585552,Hors QPV,Secteur Grisettes,19980715,20380715,19980715,1,8,5,12,11,6,0
451,LE KERIA,rte DE LODEVE,34080,MONTPELLIER,0451 LEKERIARTEDELODEVE 34080 MONTPELLIER,3.8263944,43.615175,Hors QPV,Secteur Celleneuve,19970715,20370715,19970715,1,6,2,12,7,6,7
452,LE GARIBALDI,56 RUE LEJZER ZAMENHOF,34080,MONTPELLIER,0452 LEGARIBALDI56RUELEJZERZAMENHOF 34080 MONTPELLIER,3.8261083,43.615175,Hors QPV,Secteur Celleneuve,19971115,20371115,19971115,1,14,3,15,10,8,7
456,LE CLOS DE L'ERMITAGE,rue DE LA CROIX DE FIGUEROLLE,34000,MONTPELLIER,0456 LECLOSDELERMITAGERUEDELACROIXDEFIGUEROLLE 34000 MONTPELLIER,3.83955,43.604912,Hors QPV,Secteur Pas du Loup,19980515,20380515,19980515,1,12,7,13,14,5,3
458,LE CHATEAU D'EAU DE MASS,Rue Jean cavailles,34080,MONTPELLIER,0458 LECHATEAUDEAUDEMASSRUEJEANCAVAILLES 34080 MONTPELLIER,3.81704,43.643295,QPV,Secteur Belvedère,19981201,20381201,19991101,1,30,4,27,9,13,7
462,LE TILLEUL,all MARTELLE,34000,MONTPELLIER,0462 LETILLEULALLMARTELLE 34000 MONTPELLIER,3.839262,43.604885,Hors QPV,Secteur Pas du Loup,19980515,20380515,19980515,1,0,0,1,1,0,1
472,MARGUERITE YOURCENAR,rue COLIN,34000,MONTPELLIER,0472 MARGUERITEYOURCENARRUECOLIN 34000 MONTPELLIER,3.878454391,43.60107419,Hors QPV,Secteur Gare,19990315,20390315,19990315,1,19,15,22,24,7,3
476,LE MAS SAINT LUC,PlACE DES ILES MARQUISES,34070,MONTPELLIER,0476 LEMASSAINTLUCPLACEDESILESMARQUISES 34070 MONTPELLIER,3.842738,43.59549,Hors QPV,Secteur Val De Croze,19930922,20330922,19930922,1,1,1,0,3,2,0
489,JULES LATREILHE,rue JULES LATREILHE,34000,MONTPELLIER,0489 JULESLATREILHERUEJULESLATREILHE 34000 MONTPELLIER,3.876366793,43.60813847,Hors QPV,Secteur Beaux Arts,19000101,19400101,19920115,1,0,1,4,1,0,1
495,CHARLES DIDION,RUE CHARLES DIDION,34000,MONTPELLIER,0495 CHARLESDIDIONRUECHARLESDIDION 34000 MONTPELLIER,3.878620266,43.60139395,Hors QPV,Secteur Gare,19990315,20390315,19990315,1,27,10,27,20,9,4
498,SIMONE DE BEAUVOIR,rue COLIN,34000,MONTPELLIER,0498 SIMONEDEBEAUVOIRRUECOLIN 34000 MONTPELLIER,3.878315482,43.60085481,Hors QPV,Secteur Gare,19990501,20390501,19990501,1,8,7,11,7,3,0
512,LE BELVEDERE,Avenue du puech de massane,34080,MONTPELLIER,0512 LEBELVEDEREAVENUEDUPUECHDEMASSANE 34080 MONTPELLIER,3.818347,43.643608,QPV,Secteur Belvedère,19970701,20370701,19970701,1,33,11,21,14,7,2
513,PUECH DE MASSANE,PlACE CARDINAL MARTY,34080,MONTPELLIER,0513 PUECHDEMASSANEPLACECARDINALMARTY 34080 MONTPELLIER,3.818975,43.643566,QPV,Secteur Belvedère,19950101,20350101,19950101,1,24,14,21,14,7,3
515,L'ENCLOS DE MASSANE,pl. D'ITALIE,34080,MONTPELLIER,0515 LENCLOSDEMASSANEPLDITALIE 34080 MONTPELLIER,3.819351,43.642548,QPV,Secteur Belvedère,19971208,20371208,19971208,1,23,11,20,11,6,3
518,ENSA MONTPELLIER,Place PIERRE VIALA,34000,MONTPELLIER,0518 ENSAMONTPELLIERPLACEPIERREVIALA 34000 MONTPELLIER,43.617062650417445,3.854828231071835,QPV,,19920101,20320101,19920101,1,0,0,0,0,0,0
519,HAMEAUX DE L'ENSAM,rue de la CROIX DE LAS CAZES,34000,MONTPELLIER,0519 HAMEAUXDELENSAMRUEDELACROIXDELASCAZES 34000 MONTPELLIER,43.61738186038972,3.852354633118682,Hors QPV,,20080101,20480101,20080101,1,0,0,0,0,0,0
520,ANDRE FRANQUIN,RUE LE PERUGIN,34000,MONTPELLIER,0520 ANDREFRANQUINRUELEPERUGIN 34000 MONTPELLIER,3.907335,43.605614,Hors QPV,Secteur Millénaire,20090217,20490217,20090217,1,43,11,46,22,6,2
522,COEUR DE VILLE,Rue Fernand Soubeyran,34830,JACOU,0522 COEURDEVILLERUEFERNANDSOUBEYRAN 34830 JACOU,3.912184,43.659981,Hors QPV,Secteur Agglomération,19921215,20321215,19921215,1,34,10,38,30,8,6
524,COEUR DE VILLE 2,pl. FRANCOIS MITTERRAND,34830,JACOU,0524 COEURDEVILLEPLFRANCOISMITTERRAND 34830 JACOU,3.91193,43.659565,Hors QPV,Secteur Agglomération,19960601,20360601,19960601,1,9,3,13,7,4,0
526,LES ALIZES,place JULES HARDOUIN,34080,MONTPELLIER,0526 LESALIZESPLACEJULESHARDOUIN 34080 MONTPELLIER,3.824232,43.613304,QPV,Secteur Celleneuve,19981201,20381201,19981201,1,26,5,21,13,3,2
535,LES BALCONS DE MASSANE,Rue Jean cavailles,34080,MONTPELLIER,0535 LESBALCONSDEMASSANERUEJEANCAVAILLES 34080 MONTPELLIER,3.819639,43.643562,QPV,Secteur Belvedère,19981201,20381201,19981201,1,39,7,29,16,5,3
536,FLORA TRISTAN,rue BOYER,34000,MONTPELLIER,0536 FLORATRISTANRUEBOYER 34000 MONTPELLIER,3.878924398,43.60106569,Hors QPV,Secteur Gare,19981215,20381215,19981215,1,15,4,22,18,11,9
537,LES MAISONS DE MASSANE,Rue Jean cavailles,34080,MONTPELLIER,0537 LESMAISONSDEMASSANERUEJEANCAVAILLES 34080 MONTPELLIER,3.820118,43.643227,QPV,Secteur Belvedère,19990315,20390315,19990315,1,19,7,21,14,3,2
540,LES GARRIGUES HAUTES,Rue Jean cavailles,34080,MONTPELLIER,0540 LESGARRIGUESHAUTESRUEJEANCAVAILLES 34080 MONTPELLIER,3.81986,43.642895,QPV,Secteur Belvedère,19980901,20380901,19980901,1,17,11,15,12,9,1
541,LES TERRASSES DE MASSANE,rue DE GARIBALDI,34080,MONTPELLIER,0541 LESTERRASSESDEMASSANERUEDEGARIBALDI 34080 MONTPELLIER,3.819773,43.642391,QPV,Secteur Belvedère,19990201,20390201,19990201,1,38,6,29,8,1,1
543,LA TREILLE DE ST GEORGES,rue DE GIGNAC,34080,MONTPELLIER,0543 LATREILLEDESTGEORGES RUEDEGIGNAC 34080 MONTPELLIER,3.828628,43.611961,Hors QPV,Secteur Celleneuve,19920901,20320901,19920901,1,8,3,6,3,2,2
545,JARDINS DU VAL DE CROZE,IMPASSE DE SUMER,34070,MONTPELLIER,0545 JARDINSDUVALDECROZEIMPASSEDESUMER 34070 MONTPELLIER,3.841283,43.596073,QPV,Secteur Val De Croze,19990101,20390101,19990101,1,18,5,18,16,4,0
547,SAINT ROCH (LE),PLACE DE BABYLONE,34070,MONTPELLIER,0547 SAINTROCHLEPLACEDEBABYLONE 34070 MONTPELLIER,3.841097,43.596592,QPV,Secteur Val De Croze,19990108,20390108,19990108,1,11,1,14,10,3,4
550,LE DAMIER,rue MESSIDOR,34000,MONTPELLIER,0550 LEDAMIERRUEMESSIDOR 34000 MONTPELLIER,3.898456,43.602345,Hors QPV,Secteur Le Damier,19981201,20381201,19981201,1,16,6,21,18,8,0
552,CROIX VERTE,rue DE LA CROIX VERTE,34090,MONTPELLIER,0552 CROIXVERTERUEDELACROIXVERTE 34090 MONTPELLIER,3.838508,43.64645,Hors QPV,Secteur Bastide,20001015,20401015,20001015,1,19,5,22,23,14,5
561,5 RUE DES VOLONTAIRES,rue DES VOLONTAIRES,34000,MONTPELLIER,0561 5RUEDESVOLONTAIRESRUEDESVOLONTAIRES 34000 MONTPELLIER,3.864427927,43.6099455,Hors QPV,Secteur Astruc,20000115,20400115,20000115,1,1,0,0,4,5,4
562,JEAN VILAR,rue JEAN VILAR,34670,BAILLARGUES,0562 JEANVILARRUEJEANVILAR 34670 BAILLARGUES,4.023193,43.662716,Hors QPV,Secteur Agglomération,20000401,20400401,20000401,1,6,3,5,4,2,0
563,LES PEUPLIERS,AV DE LODEVE,34000,MONTPELLIER,0563 LESPEUPLIERSAVDELODEVE 34000 MONTPELLIER,3.838266,43.614132,QPV,Secteur Celleneuve,20000801,20400801,20000801,1,1,2,2,4,0,0
565,RUE DES MARELS,rue LOU TARIDO,34000,MONTPELLIER,0565 RUEDESMARELSRUELOUTARIDO 34000 MONTPELLIER,3.917141,43.614452,Hors QPV,Secteur Millénaire,19991101,20391101,20000901,1,24,27,63,28,16,5
573,HOUDON,RUE FREDERIC POTTECHER,34080,MONTPELLIER,0573 HOUDONRUEFREDERICPOTTECHER 34080 MONTPELLIER,3.844082,43.631409,Hors QPV,Secteur Malbosc,20020701,20420701,20020701,1,30,3,30,16,6,3
579,TOUR D'ASSAS,AV DE BARCELONE,34080,MONTPELLIER,0579 TOURDASSASAVDEBARCELONE 34080 MONTPELLIER,3.816909,43.621895,QPV,Secteur Jupiter,19680101,20080101,19920701,1,0,0,0,0,0,0
581,LE PAVILLON,rue du PAVILLON,34000,MONTPELLIER,0581 LEPAVILLONRUEDUPAVILLON 34000 MONTPELLIER,3.879049687,43.60271007,Hors QPV,Secteur Gare,20060721,20460721,20060721,1,8,5,9,7,1,3
583,ALEXANDER BELL,rue LEONARD DE VINCI,34000,MONTPELLIER,0583 ALEXANDERBELLRUELEONARDDEVINCI 34000 MONTPELLIER,3.906628,43.611572,Hors QPV,Secteur Millénaire,19931222,20331222,19931222,1,30,16,43,36,9,4
589,15 et 25 RUE STE URSULE,rue SAINTE URSULE,34000,MONTPELLIER,0589 15&25RUESTEURSULERUESAINTEURSULE 34000 MONTPELLIER,3.878194484,43.61386567,Hors QPV,Secteur Beaux Arts,19000101,19400101,19920801,1,3,2,7,5,3,0
590,8 RUE DES ECOLES PIES,rue DES ECOLES PIES,34000,MONTPELLIER,0590 8RUEDESECOLESPIESRUEDESECOLESPIES 34000 MONTPELLIER,3.877983465,43.61372558,Hors QPV,Secteur Beaux Arts,19000101,19400101,19921101,1,0,0,0,0,0,0
594,CLOS DES LAURIERS (LE),rte DE LAVERUNE,34070,MONTPELLIER,0594 CLOSDESLAURIERSLERTEDELAVERUNE 34070 MONTPELLIER,3.838571,43.59639,QPV,Secteur Val De Croze,19991015,20391015,19991015,1,16,8,23,24,10,5
595,VILLAGEOISES (LES),rue ARISTIDÈS DE SOUSA MENDES,34070,MONTPELLIER,0595 VILLAGEOISESLESRUEARISTIDESDESOUSAMENDES 34070 MONTPELLIER,3.838816,43.595757,QPV,Secteur Val De Croze,19990608,20390608,19990608,1,14,10,13,11,7,1
596,LE GINKGO,rue ARISTIDÈS DE SOUSA MENDES,34070,MONTPELLIER,0596 LEGINKGORUEARISTIDESDESOUSAMENDES 34070 MONTPELLIER,3.838056,43.595188,QPV,Secteur Val De Croze,20000715,20400715,20000715,1,20,6,26,13,3,3
599,SEBASTIEN BOURDON,rue DES ABEILLES,34090,MONTPELLIER,0599 SEBASTIENBOURDON RUEDESABEILLES 34090 MONTPELLIER,3.874285,43.619747,Hors QPV,Secteur Beaux Arts,19931213,20331213,19931213,1,1,1,5,10,4,2
601,AIGUELONGUE 1,rue MONTASINOS,34090,MONTPELLIER,0601 AIGUELONGUE1RUEMONTASINOS 34090 MONTPELLIER,3.881127634,43.62768267,QPV,Secteur Aiguelongue,19620101,20020101,19771001,1,107,51,88,87,30,18
603,AIGUELONGUE 2,rue MONTASINOS,34090,MONTPELLIER,0603 AIGUELONGUE2RUEMONTASINOS 34090 MONTPELLIER,3.87866,43.629494,QPV,Secteur Aiguelongue,19620101,20020101,19771001,1,84,46,96,51,34,18
605,GEMEAUX 1,COUR DES PROVINCES,34080,MONTPELLIER,0605 GEMEAUX1COURDESPROVINCES 34080 MONTPELLIER,3.82326,43.633965,QPV,Secteur Gémeaux,19771001,20171001,19771001,1,38,18,37,21,14,4
606,GEMEAUX 2,COUR DES PROVINCES,34080,MONTPELLIER,0606 GEMEAUX2COURDESPROVINCES 34080 MONTPELLIER,3.823747,43.633266,QPV,Secteur Gémeaux,19771001,20171001,19771001,1,164,55,142,96,83,32
607,C.D.MAIL1,500 av DE LOUISVILLE,34080,MONTPELLIER,0607 CDMAIL1 500AVDELOUISVILLE 34080 MONTPELLIER,3.81634,43.62587,QPV,Secteur Cap dou Mail,19771001,20171001,19771001,1,63,20,54,51,25,19
608,C.D.MAIL2,536 AVENUE DE LOUISVILLE,34080,MONTPELLIER,0608 CDMAIL2 536AVENUEDELOUISVILLE 34080 MONTPELLIER,3.816344,43.626499,QPV,Secteur Cap dou Mail,19771001,20171001,19771001,1,41,15,47,48,24,10
609,ANNE BERGER,RUE SAINTE CATHERINE,34160,CASTRIES,0609 ANNEBERGERRUESAINTECATHERINE 34160 CASTRIES,3.983176,43.673923,Hors QPV,Secteur Agglomération,20090626,20490626,20090626,1,9,2,11,1,0,1
610,AIGOUAL NORD,RUE DE LEYDE,34080,MONTPELLIER,0610 AIGOUALNORDRUEDELEYDE 34080 MONTPELLIER,3.816032,43.623962,QPV,Secteur Cap dou Mail,19791001,20191001,19791001,1,56,15,41,29,12,7
611,AMAZONES,rue JEAN MONNET,34470,PEROLS,0611 AMAZONESRUEJEANMONNET 34470 PEROLS,3.960095,43.561466,Hors QPV,Secteur Agglomération,19890901,20290901,19890901,1,13,3,6,10,5,1
617,LA MARGELLE DE L'AIGUELO,rue JEAN THUILE,34090,MONTPELLIER,0617 LAMARGELLEDELAIGUELORUEJEANTHUILE 34090 MONTPELLIER,3.872634,43.629978,Hors QPV,Secteur Vert Bois,19991101,20391101,19991101,1,6,2,11,13,5,3
618,NAUSICAA,rue FAMAGOUSTE,34000,MONTPELLIER,0618 NAUSICAARUEFAMAGOUSTE 34000 MONTPELLIER,3.899417,43.601135,Hors QPV,Secteur Le Damier,20010701,20410701,20010701,1,16,7,24,17,13,6
625,TUILERIE (LA),rue PUECH DE MASSANE,34080,MONTPELLIER,0625 TUILERIELARUEPUECHDEMASSANE 34080 MONTPELLIER,3.820735,43.643383,QPV,Secteur Belvedère,19990601,20390601,19990601,1,18,8,16,15,2,3
626,CASCADE (LA),ALLEE SIMON VOUET,34080,MONTPELLIER,0626 CASCADELA ALLEESIMONVOUET 34080 MONTPELLIER,3.825966,43.612278,QPV,Secteur Celleneuve,20011015,20411015,20011015,1,6,1,10,5,3,1
628,L'ILIADE,rue DORIS,34000,MONTPELLIER,0628 LILIADERUEDORIS 34000 MONTPELLIER,3.898164,43.608807,Hors QPV,Secteur Antigone,20011101,20411101,20011101,1,40,15,43,22,15,6
629,MAISONS DU VAL (LES),rue rouget de lisle,34070,MONTPELLIER,0629 MAISONSDUVALLESRUEROUGETDELISLE 34070 MONTPELLIER,3.83711,43.595219,QPV,Secteur Val De Croze,19991001,20391001,19991001,1,8,5,12,8,4,3
636,LA CHAMBERTE BASSE,pl. DES LILAS,34070,MONTPELLIER,0636 LACHAMBERTEBASSEPLDESLILAS 34070 MONTPELLIER,3.850493,43.602615,Hors QPV,Secteur Pas du Loup,19620101,20020101,19910501,1,4,8,4,4,1,2
658,SUZANNE VALADON,rueYEHUDI MENUHIN,34000,MONTPELLIER,0658 SUZANNEVALADON RUEYEHUDIMENUHIN 34000 MONTPELLIER,3.88503,43.617035,Hors QPV,Secteur Beaux Arts,20010601,20410601,20010601,1,10,4,13,0,3,2
667,LAS REBES,av du Pr. LOUIS RAVAZ,34080,MONTPELLIER,0667 LASREBESAVDUPRLOUISRAVAZ 34080 MONTPELLIER,3.850193,43.622562,QPV,Secteur Las Rebes,19671026,20071026,19990101,1,237,65,215,154,74,41
669,LE VIOGNIER,rue Joseph KESSEL,34000,MONTPELLIER,0669 LEVIOGNIERRUEJOSEPHKESSEL 34000 MONTPELLIER,3.848402,43.627983,Hors QPV,Secteur Bastide,20001015,20401015,20001015,1,7,3,6,6,3,1
672,LA FAGETTE,IMPASSE LA FAGETTE,34070,MONTPELLIER,0672 LAFAGETTEIMPASSELAFAGETTE 34070 MONTPELLIER,3.832463,43.6049,Hors QPV,Secteur Pas du Loup,20011201,20411201,20011201,1,17,7,17,11,3,2
673,PUVIS DE CHAVANNES,ROUTE DE NIMES,34000,MONTPELLIER,0673 PUVISDECHAVANNESROUTEDENIMES 34000 MONTPELLIER,3.885296,43.617233,Hors QPV,Secteur Beaux Arts,20010801,20410801,20010801,1,14,6,13,11,1,1
674,MAISONS DE LA MOSSON,rue DE LIEGE,34080,MONTPELLIER,0674 MAISONSDELAMOSSON RUEDELIEGE 34080 MONTPELLIER,3.813168,43.6245,QPV,Secteur Cap dou Mail,20000731,20400731,20000731,1,15,4,9,5,5,1
687,7 RUE DES VOLONTAIRES,7 RUE DES VOLONTAIRES,34000,MONTPELLIER,0687 7RUEDESVOLONTAIRES7RUEDESVOLONTAIRES 34000 MONTPELLIER,3.864483469,43.61006811,Hors QPV,Secteur Astruc,20020601,20420601,20020601,1,0,0,1,3,2,4
693,LE SOMAIL,av DE HEIDELBERG,34080,MONTPELLIER,0693 LESOMAILAVDEHEIDELBERG 34080 MONTPELLIER,3.812761,43.6245,QPV,Secteur Cap dou Mail,20010601,20410601,20010601,1,10,3,9,10,5,0
695,ESPINOUSE,AVENUE DE HEIDELBERG,34080,MONTPELLIER,0695 ESPINOUSE AVENUEDEHEIDELBERG 34080 MONTPELLIER,3.812715,43.62505,QPV,Secteur Cap dou Mail,20020501,20420501,20020501,1,6,1,5,5,5,2
705,GIACOMETTI,RUE BILLIE HOLIDAY,34000,MONTPELLIER,0705 GIACOMETTIRUEBILLIEHOLIDAY 34000 MONTPELLIER,3.836085,43.637905,Hors QPV,Secteur Bastide,20051115,20451115,20051115,1,12,3,11,8,2,0
706,VELASQUEZ,all DE PARIS,34080,MONTPELLIER,0706 VELASQUEZALLDEPARIS 34080 MONTPELLIER,3.832261,43.613529,Hors QPV,Secteur Celleneuve,20011101,20411101,20011101,1,9,3,9,6,2,1
707,LE BERNIN,RUE BILLIE HOLIDAY,34090,MONTPELLIER,0707 LEBERNINRUEBILLIEHOLIDAY 34090 MONTPELLIER,3.835562,43.638222,Hors QPV,Secteur Bastide,20011201,20411201,20011201,1,7,7,13,12,5,2
708,LE RODIN,RUE BILLIE HOLIDAY,34090,MONTPELLIER,0708 LERODINRUEBILLIEHOLIDAY 34090 MONTPELLIER,3.835289,43.637623,Hors QPV,Secteur Bastide,20030715,20430715,20030715,1,18,7,13,5,2,3
709,MONTESQUIEU,Chemin de Moularès,34000,MONTPELLIER,0709 MONTESQUIEUCHEMINDEMOULARES 34000 MONTPELLIER,3.894868,43.600212,Hors QPV,Secteur Le Damier,20040601,20440601,20040601,1,6,3,7,9,1,1
710,LE GRECO,all DE PARIS,34080,MONTPELLIER,0710 LEGRECOALLDEPARIS 34080 MONTPELLIER,3.832248,43.61375,Hors QPV,Secteur Celleneuve,20011031,20411031,20011031,1,3,3,3,9,3,2
712,LE CAROUX,rue DE LIEGE,34080,MONTPELLIER,0712 LECAROUXRUEDELIEGE 34080 MONTPELLIER,3.813178,43.625271,QPV,Secteur Cap dou Mail,20030401,20430401,20030401,1,13,7,10,7,4,3
713,GOETHE,chemin de moulares,34070,MONTPELLIER,0713 GOETHE CHEMINDEMOULARES 34070 MONTPELLIER,3.894938,43.600368,Hors QPV,Secteur Le Damier,20040601,20440601,20040601,1,8,1,10,3,1,0
715,DONATELLO,288 RUE BILLIE HOLIDAY,34090,MONTPELLIER,0715 DONATELLO288RUEBILLIEHOLIDAY 34090 MONTPELLIER,3.835003,43.637802,Hors QPV,Secteur Bastide,20040504,20440504,20040504,1,8,2,16,7,2,3
716,HAHNEMANN,rue DENIS PAPIN,34000,MONTPELLIER,0716 HAHNEMANNRUEDENISPAPIN 34000 MONTPELLIER,3.907987,43.610874,Hors QPV,Secteur Millénaire,20010301,20410301,20010301,1,8,1,14,7,4,1
717,LE CLOS D'ARENES,Rue GIOVANNI CASANOVA,34070,MONTPELLIER,0717 LECLOSDARENESRUEGIOVANNICASANOVA 34070 MONTPELLIER,3.887723,43.58873,QPV,Secteur Près d'arènes,20011201,20411201,20011201,1,52,14,54,19,2,6
718,LE GOYA,Allée DE PARIS,34080,MONTPELLIER,0718 LEGOYAALLEEDEPARIS 34080 MONTPELLIER,3.832319,43.613972,Hors QPV,Secteur Celleneuve,20020301,20420301,20020301,1,4,2,6,3,3,1
723,505 RUE DES AGATHOIS,505 RUE DE L'AGATHOIS,34080,MONTPELLIER,0723 505RUEDESAGATHOIS 505RUEDELAGATHOIS 34080 MONTPELLIER,3.824736,43.63076,QPV,Secteur Gémeaux,20020801,20420801,20020801,1,11,5,6,4,1,0
726,VERROCHIO,81 rue billie holiday,34090,MONTPELLIER,0726 VERROCHIO 81RUEBILLIEHOLIDAY 34090 MONTPELLIER,3.835695,43.637123,Hors QPV,Secteur Bastide,20020501,20420501,20020501,1,3,0,9,3,2,1
728,CELLINI,RUE BILLIE HOLIDAY,34090,MONTPELLIER,0728 CELLINIRUEBILLIEHOLIDAY 34090 MONTPELLIER,3.834736,43.638107,Hors QPV,Secteur Bastide,20030601,20430601,20030601,1,7,4,9,9,4,4
730,JARDINS DE LA VALSIERE,rue André FRANQUIN,34090,MONTPELLIER,0730 JARDINSDELAVALSIERERUEANDREFRANQUIN 34090 MONTPELLIER,3.830394,43.641689,Hors QPV,Secteur Malbosc,20021201,20421201,20021201,1,21,10,25,23,8,2
743,MICHEL ANGE,rue LA GALERA,34090,MONTPELLIER,0743 MICHELANGERUELAGALERA 34090 MONTPELLIER,3.836126,43.636925,Hors QPV,Secteur Bastide,20010601,20410601,20010601,1,10,1,15,7,2,1
744,LE BOTTICELLI,RUE LE TITIEN,34000,MONTPELLIER,0744 LEBOTTICELLIRUELETITIEN 34000 MONTPELLIER,3.910563,43.604111,Hors QPV,Secteur Millénaire,20060601,20460601,20060601,1,7,9,11,26,4,14
751,LA PORTE DU VALLON,rue DES JARDINS D'OMEYADES,34080,MONTPELLIER,0751 LAPORTEDUVALLONRUEDESJARDINSDOMEYADES 34080 MONTPELLIER,3.835747,43.631771,Hors QPV,Secteur Malbosc,20030601,20430601,20030601,1,10,5,11,10,3,2
752,ATRIUM,115 BD AEROPORT INTERNATIONAL,34000,MONTPELLIER,0752 ATRIUM115BDAEROPORTINTERNATIONAL 34000 MONTPELLIER,3.892186,43.609207,Hors QPV,Secteur Antigone,19860708,20260708,20030301,1,30,13,37,28,17,18
753,JARDINS DE LA LIRONDE,RUE VERROCHIO,34090,MONTPELLIER,0753 JARDINSDELALIRONDERUEVERROCHIO 34090 MONTPELLIER,3.912858,43.607071,Hors QPV,Secteur Millénaire,20060703,20460703,20060703,1,22,5,21,15,8,6
754,MELIES,RUE DES FRERES LUMIERE,34000,MONTPELLIER,0754 MELIESRUEDESFRERESLUMIERERUECAMILLEFLAMMARION 34000 MONTPELLIER,3.90473,43.610695,Hors QPV,Secteur Millénaire,20040915,20440915,20040915,1,17,7,16,14,1,0
755,BRUNELLESCHI,Avenue de Fes,34080,MONTPELLIER,0755 BRUNELLESCHIAVENUEDEFES 34080 MONTPELLIER,3.83334,43.6329,Hors QPV,Secteur Malbosc,20030801,20430801,20030801,1,23,8,24,10,7,3
756,AVICENNE,RUE ALFRED LEGAL,34090,MONTPELLIER,0756 AVICENNERUEALFREDLEGAL 34090 MONTPELLIER,3.838046,43.647858,Hors QPV,Secteur Bastide,20040430,20440430,20040430,1,10,8,16,12,3,3
757,LE MAILLOL,RUE BILLIE HOLIDAY,34090,MONTPELLIER,0757 LEMAILLOLRUEBILLIEHOLIDAY 34090 MONTPELLIER,3.835833,43.637531,Hors QPV,Secteur Bastide,20020329,20420329,20020329,1,7,2,13,6,3,1
758,Le CAPRI,RUE FEDERICO FELLINI,34920,LE CRES,0758 LECAPRIRUEFEDERICOFELLINI 34920 LECRES,3.938025,43.646156,Hors QPV,Secteur Agglomération,20051001,20451001,20051001,1,6,3,6,4,0,1
759,LES VILLAS DU SOLEIL,Avenue de Fes,34080,MONTPELLIER,0759 LESVILLASDUSOLEILAVENUEDEFES 34080 MONTPELLIER,43.6339727098541,3.8325906189993186,Hors QPV,PSLA et ventes,20050126,20450126,20050126,1,,,,,,
762,LES PIGEONNIERS,LIEU DIT LES CABRIERS ET LES,34830,CLAPIERS,0762 LESPIGEONNIERSLIEUDITLESCABRIERS&LESMERIDIENNES 34830 CLAPIERS,3.885581,43.652966,Hors QPV,Secteur Agglomération,20060401,20460401,20060401,1,15,16,19,26,6,0
763,MAGNOL,1145 Avenue de Fes,34080,MONTPELLIER,0763 MAGNOL1145AVENUEDEFES 34080 MONTPELLIER,3.836257,43.631699,Hors QPV,Secteur Malbosc,20061024,20461024,20061024,1,13,4,14,12,2,2
766,HYPATHIE,PLACE TYCHO BRAHE,34000,MONTPELLIER,0766 HYPATHIEPLACETYCHOBRAHE 34000 MONTPELLIER,3.908779,43.610901,Hors QPV,Secteur Millénaire,20050701,20450701,20050701,1,17,5,14,10,5,4
767,LE CASALE,RUE SEMIRAMIS,34080,MONTPELLIER,0767 LECASALERUESEMIRAMIS 34080 MONTPELLIER,,,Hors QPV,PSLA et ventes,20050901,20450901,20050901,1,,,,,,
768,LE PALIO,RUE DE LA CONSTITUANTE,34070,MONTPELLIER,0768 LEPALIORUEDELACONSTITUANTE 34070 MONTPELLIER,3.892982,43.601543,Hors QPV,Secteur Le Damier,20050301,20450301,20050301,1,35,18,37,14,6,2
769,MONTELS L'EGLISE,Rue Montels l'Eglise,34070,MONTPELLIER,0769 MONTELSLEGLISERUEMONTELSLEGLISE 34070 MONTPELLIER,3.885667,43.582581,QPV,Secteur Tournezy,20051201,20451201,20051201,1,46,21,53,30,8,8
770,PATIO,AVENUE DES PRES D'ARENES,34070,MONTPELLIER,0770 PATIOAVENUEDESPRESDARENES 34070 MONTPELLIER,3.88224,43.590942,Hors QPV,Secteur Près d'arènes,20051201,20451201,20051201,1,51,13,43,24,17,5
771,LEDOUX,ZAC MALBOSC,34080,MONTPELLIER,0771 LEDOUXZACMALBOSC 34080 MONTPELLIER,3.831375,43.633343,Hors QPV,Secteur Malbosc,20070301,20470301,20070301,1,19,4,20,7,2,4
772,DELAUNAY,Avenue de Fès,34080,MONTPELLIER,0772 DELAUNAYAVENUEDEFES 34080 MONTPELLIER,3.831857,43.633762,Hors QPV,Secteur Malbosc,20050601,20450601,20050601,1,21,2,19,7,3,7
773,COTE JARDIN,RUE PHILIPPE CASTAN,34090,MONTPELLIER,0773 COTEJARDINRUEPHILIPPECASTAN 34090 MONTPELLIER,3.888409,43.627037,Hors QPV,Secteur Aiguelongue,20050701,20450701,20050701,1,25,13,28,30,6,4
775,CAQUOT,rue DE L'INDUSTRIE,34070,MONTPELLIER,0775 CAQUOTRUEDELINDUSTRIE 34070 MONTPELLIER,3.883287,43.588593,QPV,Secteur Tournezy,20060710,20460710,20060710,1,21,11,27,17,5,2
776,LA PINEDE,Avenue de Bologne,34080,MONTPELLIER,0776 LAPINEDEAVENUEDEBOLOGNE 34080 MONTPELLIER,3.818991,43.630764,QPV,Secteur Gémeaux,20061015,20461015,20061015,1,4,5,3,4,0,0
777,FREYSSINET,rue DE L'INDUSTRIE,34070,MONTPELLIER,0777 FREYSSINETRUEDELINDUSTRIE 34070 MONTPELLIER,3.883664,43.589008,QPV,Secteur Tournezy,20060703,20460703,20060703,1,24,12,28,20,5,6
778,L'ANCIEN LAVOIR,rue DU JEU DE BALLON,34570,PIGNAN,0778 LANCIENLAVOIRRUEDUJEUDEBALLON 34570 PIGNAN,3.760564,43.582897,Hors QPV,Secteur Agglomération,20060401,20460401,20060401,1,24,8,20,9,5,3
779,ISCHIA,Rue Lazare ponticelli,34070,MONTPELLIER,0779 ISCHIARUELAZAREPONTICELLI 34070 MONTPELLIER,3.880298,43.59148,Hors QPV,Secteur Près d'arènes,20090615,20490615,20090615,1,29,8,30,11,5,1
780,PANAREA,AVENUE DES PRES D'ARENES,34070,MONTPELLIER,0780 PANAREAAVENUEDESPRESDARENES 34070 MONTPELLIER,3.88018,43.591953,Hors QPV,Secteur Près d'arènes,20100715,20500715,20100715,1,31,13,34,22,9,2
781,L'ESPERANTO,ZAC MALBOSC,34080,MONTPELLIER,0781 LESPERANTOZACMALBOSC 34080 MONTPELLIER,3.831007,43.634949,Hors QPV,Secteur Malbosc,20061023,20461023,20061023,1,36,7,28,17,9,0
784,LES TERRASSES DE L'ORTET,RUE GEORGES BRASSENS,34430,ST JEAN DE VEDAS,0784 LESTERRASSESDELORTETRUEGEORGESBRASSENS 34430 STJEANDEVEDAS,3.830112,43.575958,Hors QPV,Secteur Agglomération,20090421,20490421,20090421,1,16,5,15,12,0,0
786,LE TRIOLET,avenue augustin fliche,34000,MONTPELLIER,0786 LETRIOLETAVENUEAUGUSTINFLICHE 34000 MONTPELLIER,43.6300774901083,3.8607520686982775,Hors QPV,,20051010,20451010,20051010,1,0,0,0,0,0,0
788,LE RUDEL,rue louis roussel,34070,MONTPELLIER,0788 LERUDELRUELOUISROUSSEL 34070 MONTPELLIER,3.853689,43.586529,Hors QPV,Secteur Grisettes,20061001,20461001,20061001,1,37,17,49,31,10,6
789,CARDABELLE,Rue de TRANCAVEL,34070,MONTPELLIER,0789 CARDABELLERUEDETRANCAVEL 34070 MONTPELLIER,3.858756,43.589855,Hors QPV,Secteur Grisettes,20070315,20470315,20070315,1,12,5,12,10,4,2
791,LIPARI,Rue Lazare ponticelli,34070,MONTPELLIER,0791 LIPARIRUELAZAREPONTICELLI 34070 MONTPELLIER,3.879536,43.591759,Hors QPV,Secteur Près d'arènes,20090731,20490731,20090731,1,20,11,21,23,2,1
792,ANDRE DERAIN,Avenue des FRERES BUHLER,34080,MONTPELLIER,0792 ANDREDERAINAVENUEDESFRERESBUHLER 34080 MONTPELLIER,,,Hors QPV,PSLA et ventes,20090601,20490601,20090601,1,,,,,,
793,RENE CHAR,Avenue de Fes,34080,MONTPELLIER,0793 RENECHARAVENUEDEFES 34080 MONTPELLIER,3.830441,43.635319,Hors QPV,Secteur Malbosc,20070601,20470601,20070601,1,2,4,8,10,2,3
794,MARGUERITTE DURAS,Rue Le Tintoret,34000,MONTPELLIER,0794 MARGUERITTEDURASRUELETINTORET 34000 MONTPELLIER,3.91131,43.606125,Hors QPV,Secteur Millénaire,20071201,20471201,20071201,1,11,8,28,24,11,1
795,FOYER ETUDIANTS OCCITANI,Route de Ganges,34090,MONTPELLIER,0795 FOYERETUDIANTSOCCITANIROUTEDEGANGES 34090 MONTPELLIER,43.63756012417566,3.847384420904963,Hors QPV,,20100801,20500801,20100801,1,0,0,0,0,0,0
796,BELLINI,Avenue de Fes,34080,MONTPELLIER,0796 BELLINIAVENUEDEFES 34080 MONTPELLIER,3.834524,43.632992,Hors QPV,Secteur Malbosc,20080305,20480305,20080305,1,26,10,30,31,8,9
797,FAGONIA,rue PAUL CHOULOT,34080,MONTPELLIER,0797 FAGONIARUEPAULCHOULOT 34080 MONTPELLIER,3.837587,43.631523,Hors QPV,Secteur Malbosc,20061201,20461201,20061201,1,5,4,11,15,4,2
798,BERNARD DE VENTADOUR,Rue Claude Nougaro,34090,MONTPELLIER,0798 BERNARDDEVENTADOURRUECLAUDENOUGARO 34090 MONTPELLIER,3.847468,43.636539,Hors QPV,Secteur Bastide,20090608,20490608,20090608,1,20,6,16,13,1,1
800,MARIE LAURENCIN,Rue Le Tintoret,34000,MONTPELLIER,0800 MARIELAURENCINRUELETINTORET 34000 MONTPELLIER,3.911324,43.605438,Hors QPV,Secteur Millénaire,20090709,20490709,20090709,1,20,16,27,18,2,2
802,COMTE DE NICE,Avenue du COMTE DE NICE,34080,MONTPELLIER,0802 COMTEDENICEAVENUEDUCOMTEDENICE 34080 MONTPELLIER,3.811244,43.639194,Hors QPV,Secteur Gênes,20081017,20481017,20081017,1,31,2,32,8,8,9
803,BORIS VIAN,avenue du mondial 98,34000,MONTPELLIER,0803 BORISVIANAVENUEDUMONDIAL98 34000 MONTPELLIER,3.905233,43.602581,Hors QPV,Secteur Port Marianne,20100506,20500506,20100506,1,53,19,55,26,14,5
804,POUS DE LA SERS,290 RUE DU POUS DE LA SERS,34090,MONTPELLIER,0804 POUSDELASERS 290RUEDUPOUSDELASERS 34090 MONTPELLIER,43.62025245286691,3.862002297218914,Hors QPV,,20080801,20480801,20080801,1,0,0,0,0,0,0
805,COMTE DE NICE,Rue PIERRE NICOLAS,34080,MONTPELLIER,0805 COMTEDENICERUEPIERRENICOLAS 34080 MONTPELLIER,,,Hors QPV,PSLA et ventes,20080301,20480301,20080301,1,,,,,,
806,GALLA PLACIDIA,ZAC PORT MARIANNE,34000,MONTPELLIER,0806 GALLAPLACIDIAZACPORTMARIANNE 34000 MONTPELLIER,3.901819197,43.59798858,Hors QPV,Secteur Port Marianne,20080519,20480519,20080519,1,48,19,54,34,15,3
807,ARISTIDE BRIAND,AVENUE DU MONDIAL,34000,MONTPELLIER,0807 ARISTIDEBRIANDAVENUEDUMONDIAL 34000 MONTPELLIER,3.903002,43.602043,Hors QPV,Secteur Port Marianne,20091117,20491117,20091117,1,38,19,60,44,9,5
810,LES PORTES MERIDIENNES,rue DE L'INDUSTRIE,34000,MONTPELLIER,0810 LESPORTESMERIDIENNESRUEDELINDUSTRIE 34000 MONTPELLIER,3.882401,43.584129,QPV,Secteur Tournezy,20091130,20491130,20091130,1,9,2,17,7,3,0
811,RENE CASSIN,AVENUE DU MONDIAL,34000,MONTPELLIER,0811 RENECASSINAVENUEDUMONDIAL 34000 MONTPELLIER,3.903692,43.602112,Hors QPV,Secteur Port Marianne,20090806,20490806,20090806,1,40,14,39,20,13,3
813,RAOUL DUFY,RUE de MALBOSC,34080,MONTPELLIER,0813 RAOULDUFYRUEDEMALBOSC 34080 MONTPELLIER,3.829685,43.633629,Hors QPV,Secteur Malbosc,20090504,20490504,20090504,1,20,10,20,18,7,0
815,L'AMIRAL,RUE DE FAMAGOUSTE,34000,MONTPELLIER,0815 LAMIRALRUEDEFAMAGOUSTEPARCMARIANNE 34000 MONTPELLIER,3.900806,43.600693,Hors QPV,Secteur Le Damier,20100503,20500503,20100503,1,52,11,61,24,6,3
816,FRANCOISE SAGAN,RUE LE CARAVAGE,34000,MONTPELLIER,0816 FRANCOISESAGANRUELECARAVAGE 34000 MONTPELLIER,3.906899,43.609364,Hors QPV,Secteur Millénaire,20091218,20491218,20091218,1,35,15,44,24,4,4
817,CLAUDE SIMON,ZAC MALBOSC,34080,MONTPELLIER,0817 CLAUDESIMONZACMALBOSC 34080 MONTPELLIER,,,Hors QPV,PSLA et ventes,20081201,20481201,20081201,1,,,,,,
818,HENRI MATISSE,RUE de MALBOSC,34080,MONTPELLIER,0818 HENRIMATISSERUEDEMALBOSC 34080 MONTPELLIER,3.82988,43.634132,Hors QPV,Secteur Malbosc,20080201,20480201,20080201,1,25,5,26,15,6,1
819,GUY BONIFACE,RUE DE BUGAREL,34070,MONTPELLIER,0819 GUYBONIFACERUEDEBUGAREL 34070 MONTPELLIER,3.84699,43.591007,Hors QPV,Secteur Ovalie,20081201,20481201,20081201,1,12,3,13,9,2,0
820,JEAN PRAT,RUE ANDRE PUIG-AUBERT,34070,MONTPELLIER,0820 JEANPRATRUEANDREPUIGAUBERT 34070 MONTPELLIER,3.844104,43.591805,Hors QPV,Secteur Val De Croze,20090401,20490401,20090401,1,22,8,20,11,3,5
821,JEP DESCLAUX,RUE DE BUGAREL,34070,MONTPELLIER,0821 JEPDESCLAUXRUEDEBUGAREL 34070 MONTPELLIER,3.848407,43.591221,Hors QPV,Secteur Ovalie,20080808,20480808,20080808,1,15,4,11,11,4,2
822,RUE REYNES,Rue REYNES,34070,MONTPELLIER,0822 RUEREYNESRUEREYNES 34070 MONTPELLIER,3.863508138,43.60680346,QPV,Secteur Astruc,20100301,20500301,20100301,1,0,0,1,1,2,2
823,LAFEUILLADE,11 RUE LAFEUILLADE,34000,MONTPELLIER,0823 LAFEUILLADE11RUELAFEUILLADE 34000 MONTPELLIER,3.864054295,43.6047268,Hors QPV,Secteur Astruc,20110615,20510615,20110615,1,5,7,7,6,0,1
830,DJANGO REINHARDT,RUE JOACHIM DU BELLAY,34000,MONTPELLIER,0830 DJANGOREINHARDTRUEJOACHIMDUBELLAY 34000 MONTPELLIER,3.85547923,43.6066379,QPV,Secteur Gely,20130715,20530715,20130715,1,32,12,35,9,7,5
831,RUE DE LA TRAVERSETTE,ALLEE DU PARC,34660,COURNONSEC,0831 RUEDELATRAVERSETTEALLEEDUPARC 34660 COURNONSEC,3.706202,43.548981,Hors QPV,Secteur Agglomération,20091130,20491130,20091130,1,5,2,8,1,0,0
832,L'OREE DU BOIS,RUE DE L'OLIVERAIE,34660,COURNONSEC,0832 LOREEDUBOISRUEDELOLIVERAIE 34660 COURNONSEC,,,Hors QPV,PSLA et ventes,20110630,20510630,20110630,1,,,,,,
833,L'OREE DU BOIS,RUE DES GENETS SAUVAGES,34660,COURNONSEC,0833 LOREEDUBOISRUEDESGENETSSAUVAGES 34660 COURNONSEC,3.69985,43.541214,Hors QPV,Secteur Agglomération,20101215,20501215,20101215,1,14,4,13,5,0,0
834,ANCIENNE GENDARMERIE,rue ALBERTI,34970,LATTES,0834 ANCIENNEGENDARMERIERUEALBERTI 34970 LATTES,3.904937,43.571617,Hors QPV,Secteur Agglomération,19880101,20280101,20070313,1,28,8,18,4,0,0
836,CAMILLE CLAUDEL,rue fra angelico,34000,MONTPELLIER,0836 CAMILLECLAUDELRUEFRAANGELICO 34000 MONTPELLIER,3.905554,43.607494,Hors QPV,Secteur Millénaire,20101125,20501125,20101125,1,9,4,14,10,3,1
837,HYACINTHE RIGAUD,RUE de MALBOSC,34000,MONTPELLIER,0837 HYACINTHERIGAUDRUEDEMALBOSC 34000 MONTPELLIER,3.830581,43.63324,Hors QPV,Secteur Malbosc,20110726,20510726,20110726,1,41,6,36,20,5,5
838,LES BARRYS,RUE DES BARRYS,34660,COURNONSEC,0838 LESBARRYS RUEDESBARRYS 34660 COURNONSEC,3.710642074,43.55320742,Hors QPV,Secteur Agglomération,20140201,20540201,20140201,1,11,2,13,8,1,2
840,EOLIS,ALLEE REGINE DETAMBEL,34830,JACOU,0840 EOLISALLEEREGINEDETAMBEL 34830 JACOU,,,Hors QPV,PSLA et ventes,20110117,20510117,20110117,1,,,,,,
841,DIDEROT,chemin de moulares,34000,MONTPELLIER,0841 DIDEROTCHEMINDEMOULARES 34000 MONTPELLIER,3.893993,43.598892,Hors QPV,Secteur Le Damier,20100415,20500415,20100415,1,15,9,26,17,5,3
842,LA BORNIERE,ALLEE DE LA LIBERTE,34570,PIGNAN,0842 LABORNIEREALLEEDELALIBERTE 34570 PIGNAN,3.7516,43.579941,Hors QPV,Secteur Agglomération,20100806,20500806,20100806,1,33,13,31,21,4,0
844,JACQUES COEUR,252 Av THEROIGNE de MERICOURT,34000,MONTPELLIER,0844 JACQUESCOEUR 252AVTHEROIGNEDEMERICOURT 34000 MONTPELLIER,3.900368,43.597576,Hors QPV,Secteur Port Marianne,20100330,20500330,20100330,1,33,11,38,29,4,2
854,DE VLAMINCK,RUE ACHILLE DUCHÊNE,34080,MONTPELLIER,0854 DEVLAMINCKRUEACHILLEDUCHENE 34080 MONTPELLIER,3.827094,43.634888,Hors QPV,Secteur Malbosc,20101015,20501015,20101015,1,24,9,24,9,1,3
855,LE RUBENS,ZAC MALBOSC,34080,MONTPELLIER,0855 LERUBENSZACMALBOSC 34080 MONTPELLIER,3.828223,43.63459,Hors QPV,Secteur Malbosc,20100301,20500301,20100301,1,14,9,14,9,0,0
856,LAVALETTE,rue de LA VALETTE,34830,CLAPIERS,0856 LAVALETTE RUEDELAVALETTE 34830 CLAPIERS,,,Hors QPV,PSLA et ventes,20131118,20531118,20131118,1,0,0,0,0,0,0
858,PAUL CEZANNE,AVE DU PROFESSEUR J.LOUIS VIALA,34080,MONTPELLIER,0858 PAULCEZANNEAVEDUPROFESSEURJLOUISVIALA 34080 MONTPELLIER,3.823902796,43.63529502,Hors QPV,Secteur Malbosc,20110905,20510905,20110905,1,23,10,26,15,3,2
859,AQUALIS,ALLEE Joëlle WINTREBERT,34830,JACOU,0859 AQUALISALLEEJOELLEWINTREBERT 34830 JACOU,,,Hors QPV,PSLA et ventes,20120715,20520715,20120715,1,,,,,,2
860,WILLIAM GILBERT,442 Avenue du MONDIAL DE RUGBY,34070,MONTPELLIER,0860 WILLIAMGILBERT 442AVENUEDUMONDIALDERUGBY 34070 MONTPELLIER,3.852301,43.58828,Hors QPV,Secteur Ovalie,20120412,20520412,20120412,1,17,11,21,19,7,4
862,SAINT-MAUR,AVENUE DE SAINT MAUR,34000,MONTPELLIER,0862 SAINTMAURAVENUEDESAINTMAUR 34000 MONTPELLIER,3.894964,43.623829,Hors QPV,Secteur Pompignane,20100727,20500727,20100727,1,13,5,10,11,3,3
863,LES SALINES,LES HAUTS DE VILLENEUVE,34750,VILLENEUVE LES MAGUELONE,0863 LESSALINESLESHAUTSDEVILLENEUVE 34750 VILLENEUVELESMAGUELONE,3.854849,43.536106,Hors QPV,Secteur Agglomération,20110728,20510728,20110728,1,16,0,15,5,2,3
864,WALLABIES,Rue des ILES TONGA,34070,MONTPELLIER,0864 WALLABIESRUEDESILESTONGA 34070 MONTPELLIER,3.852291,43.587601,Hors QPV,Secteur Ovalie,20110217,20510217,20110217,1,17,5,26,18,4,2
866,L'ESTAGNOL,ALLEE DES PINS,34750,VILLENEUVE LES MAGUELONE,0866 LESTAGNOLALLEEDESPINS 34750 VILLENEUVELESMAGUELONE,3.853291,43.534595,Hors QPV,Secteur Agglomération,20101215,20501215,20101215,1,18,11,19,16,9,7
869,FRANCOISE GIROUD,rue fra angelico,34000,MONTPELLIER,0869 FRANCOISEGIROUDRUEFRAANGELICO 34000 MONTPELLIER,3.905683,43.607834,Hors QPV,Secteur Millénaire,20110105,20510105,20110105,1,50,20,53,24,2,4
871,LES DENTELLIERES,RAMBLA DES CALISSONS,34070,MONTPELLIER,0871 LESDENTELLIERES RAMBLADESCALISSONS 34070 MONTPELLIER,3.858052443,43.58336414,Hors QPV,Secteur Grisettes,20140201,20540201,20140201,1,23,6,32,14,5,5
872,LES LAVANDIERES,RAMBLAS DES CALISONS,34070,MONTPELLIER,0872 LESLAVANDIERESRAMBLASDESCALISONSZACDESGRISETTES 34070 MONTPELLIER,3.858948,43.583134,Hors QPV,Secteur Grisettes,20110615,20510615,20110615,1,16,8,18,14,3,5
873,LES ORANGETTES,AVENUE DES BERGAMOTES,34070,MONTPELLIER,0873 LESORANGETTESAVENUEDESBERGAMOTESZACDESGRISETTES 34070 MONTPELLIER,3.855729,43.583405,Hors QPV,Secteur Grisettes,20120727,20520727,20120727,1,38,7,31,15,7,1
874,JULIE VICTOIRE DAUBIE,rue fra angelico,34070,MONTPELLIER,0874 JULIEVICTOIREDAUBIERUEFRAANGELICO 34070 MONTPELLIER,3.905929,43.607555,Hors QPV,Secteur Millénaire,20111001,20511001,20111001,1,13,4,17,9,6,3
875,HENRI DUNANT,Rue de La Croix de lavit,34090,MONTPELLIER,0875 HENRIDUNANTRUEDELACROIXDELAVIT 34090 MONTPELLIER,3.838442,43.639847,Hors QPV,Secteur Bastide,20110912,20510912,20110912,1,41,10,30,15,5,3
876,ALL BLACKS,Avenue ROGER COUDERC,34070,MONTPELLIER,0876 ALLBLACKSAVENUEROGERCOUDERC 34070 MONTPELLIER,3.8523737,43.58952396,Hors QPV,Secteur Ovalie,20120628,20520628,20120628,1,27,12,34,21,1,2
877,MODIGLIANI,RUE ACHILLE DUCHENE,34080,MONTPELLIER,0877 MODIGLIANIRUEACHILLEDUCHENE 34080 MONTPELLIER,3.829476,43.633419,Hors QPV,Secteur Malbosc,20110527,20510527,20110527,1,9,7,9,6,4,3
878,LE BRENNUS,387 AVE DU MONDIAL DE RUGBY,34070,MONTPELLIER,0878 LEBRENNUS 387AVEDUMONDIALDERUGBY 34070 MONTPELLIER,3.852081,43.588863,Hors QPV,Secteur Ovalie,20110501,20510501,20110501,1,16,9,21,9,8,0
879,LES ARBOUSIERS,ALLEE DES HAUTS DE MONTPELLIER,34080,MONTPELLIER,0879 LESARBOUSIERSALLEEDESHAUTSDEMONTPELLIER 34080 MONTPELLIER,3.811945,43.639156,QPV,Secteur Gênes,20101215,20501215,20101215,1,15,1,14,1,2,0
880,LES ROMARINS,RUE DE LIPARI,34080,MONTPELLIER,0880 LESROMARINSRUEDELIPARI 34080 MONTPELLIER,3.810866,43.639675,QPV,Secteur Gênes,20110314,20510314,20110314,1,7,2,9,6,2,4
881,LES CHENES VERTS,Allée HAUTS DE MONTPELLIER,34080,MONTPELLIER,0881 LESCHENESVERTSALLEEHAUTSDEMONTPELLIER 34080 MONTPELLIER,3.811371,43.639687,QPV,Secteur Gênes,20110711,20510711,20110711,1,12,6,15,8,7,3
883,HAMEAU DU DEVOIS,Avenue DU DEVOIS,34170,CASTELNAU LE LEZ,0883 HAMEAUDUDEVOIS AVENUEDUDEVOIS 34170 CASTELNAULELEZ,3.922720746,43.64120665,Hors QPV,Secteur Agglomération,20140723,20540723,20140723,1,13,5,14,7,3,4
884,MICHELANGELO,RUE PABLO PICASSO,34920,LE CRES,0884 MICHELANGELORUEPABLOPICASSO 34920 LECRES,3.944017,43.661617,Hors QPV,Secteur Agglomération,20120723,20520723,20120723,1,36,8,30,8,2,0
885,LE PATIO DES AMANDIERS,rue DE L'INDUSTRIE,34000,MONTPELLIER,0885 LEPATIODESAMANDIERSRUEDELINDUSTRIE 34000 MONTPELLIER,3.8818,43.584316,QPV,Secteur Tournezy,20120116,20520116,20120116,1,34,9,34,16,10,1
886,LE CLOS D'ORPHEE,RUE DU PAS DU LOUP,34000,MONTPELLIER,0886 LECLOSDORPHEERUEDUPASDULOUP 34000 MONTPELLIER,3.846459,43.598202,QPV,Secteur Pas du Loup,20110429,20510429,20110429,1,5,2,9,3,1,10
887,L'ORANGERAIE,RUE D'ALGER,34000,MONTPELLIER,0887 LORANGERAIERUEDALGER 34000 MONTPELLIER,3.877504079,43.60488224,Hors QPV,Secteur Gare,19910222,20310222,20100101,1,10,7,30,35,17,2
888,LA GRANDE TRAVERSEE,AVENUE DES BERGAMOTES,34070,MONTPELLIER,0888 LAGRANDETRAVERSEEAVENUEDESBERGAMOTES 34070 MONTPELLIER,3.858711278,43.58227668,Hors QPV,Secteur Grisettes,20130701,20530701,20130701,1,39,13,37,26,9,0
889,LE XV,Avenue ROGER COUDERC,34080,MONTPELLIER,0889 LEXV AVENUEROGERCOUDERC 34080 MONTPELLIER,3.854542893,43.59038684,Hors QPV,Secteur Ovalie,20140228,20540228,20140228,1,15,1,21,7,2,0
890,LAVALETTE,rue de LA VALETTE,34830,CLAPIERS,0890 LAVALETTE RUEDELAVALETTE 34830 CLAPIERS,3.882187322,43.65040721,Hors QPV,Secteur Agglomération,20131211,20531211,20131211,1,12,10,12,8,1,5
892,SIDNEY BECHET,AVENUE NINA SIMONE,34000,MONTPELLIER,0892 SIDNEYBECHET AVENUENINASIMONE 34000 MONTPELLIER,3.904128488,43.59862595,Hors QPV,Secteur Port Marianne,20141015,20541015,20141015,1,30,8,31,12,8,1
893,WILLIAM WEBB ELIS,271 av du mondial de rugby 2007,34070,MONTPELLIER,0893 WILLIAMWEBBELIS 271AVDUMONDIALDERUGBY2007 34070 MONTPELLIER,3.85092426,43.58967863,Hors QPV,Secteur Ovalie,20131001,20531001,20131001,1,34,6,32,12,7,0
894,GASTON BAISSETTE,CHEMIN DES CROUZETTES,34160,MONTAUD,0894 GASTONBAISSETTE CHEMINDESCROUZETTES 34160 MONTAUD,3.954237343,43.75106238,Hors QPV,Secteur Agglomération,20130601,20530601,20130601,1,3,3,3,3,0,4
895,MARCEL PROUST,Rue des cachous,34070,MONTPELLIER,0895 MARCELPROUST RUEDESCACHOUS 34070 MONTPELLIER,3.860863943,43.58246837,Hors QPV,Secteur Grisettes,20140225,20540225,20140225,1,49,11,59,32,7,1
896,JEAN DAUGER,RUE DES ALL BLACKS,34000,MONTPELLIER,0896 JEANDAUGERRUEDESALLBLACKS 34000 MONTPELLIER,3.847014945,43.59065565,Hors QPV,Secteur Ovalie,20130620,20530620,20130620,1,3,0,6,1,1,2
897,VILLA DIAGONALE,RUE DU BOUCLIER DE BRENNUS,34070,MONTPELLIER,0897 VILLADIAGONALE RUEDUBOUCLIERDEBRENNUS 34070 MONTPELLIER,3.848670352,43.59045729,Hors QPV,Secteur Ovalie,20141016,20541016,20141016,1,25,3,25,9,2,0
898,RICHER DE BELLEVAL,RUE FRANCOIS RANCHIN,34790,GRABELS,0898 RICHERDEBELLEVAL RUEFRANCOISRANCHIN 34790 GRABELS,3.828626,43.646811,Hors QPV,Secteur Agglomération,20170629,20570629,20170629,1,33,10,27,18,4,3
899,GEORGES WILSON,RUE DES GROSEILLERS,34000,MONTPELLIER,0899 GEORGESWILSONRUEDESGROSEILLERS 34000 MONTPELLIER,3.882860519,43.59728419,Hors QPV,Secteur Rives du Lez,20140501,20540501,20140501,1,20,7,15,10,4,1
901,DOLCE VITA,rue de salaison,34000,MONTPELLIER,0901 DOLCEVITARUEDESALAISON 34000 MONTPELLIER,3.901171,43.62088,Hors QPV,Secteur Pompignane,20120329,20520329,20120329,1,5,3,11,4,0,0
971,CITE OLYMPIQUE,76 ALLEE PIERRE BLANCHET,34000,MONTPELLIER,0971 CITEOLYMPIQUE 76ALLEEPIERREBLANCHET 34000 MONTPELLIER,3.8685386,43.6194203,Hors QPV,Secteur Villon,20000101,20400101,20000101,1,0,0,0,0,0,0
972,MONGE,all DES HAUTS DE MONTPELLIER,34000,MONTPELLIER,0972 MONGEALLDESHAUTSDEMONTPELLIER 34000 MONTPELLIER,43.64013056497892,3.811760439862869,Hors QPV,,20000901,20400901,20000901,1,,,,,,
978,AGROPOLIS,98 RUE JEAN FRANCOIS BRETON,34090,MONTPELLIER,0978 AGROPOLIS 98RUEJEANFRANCOISBRETON 34090 MONTPELLIER,43.64461628187146,3.871114562045895,Hors QPV,Secteur Villon,19900101,20300101,19900101,1,0,0,0,0,0,0
985,9 RUE DES VOLONTAIRES,9 RUE DES VOLONTAIRES,34000,MONTPELLIER,0985 9RUEDESVOLONTAIRES9RUEDESVOLONTAIRES 34000 MONTPELLIER,3.864450141,43.61024852,Hors QPV,Secteur Astruc,19780101,20180101,20030701,1,1,0,1,4,2,0
1000,LEJZER ZAMENHOF,RUE LEJZER ZAMENHOF,34080,MONTPELLIER,1000 LEJZERZAMENHOF RUELEJZERZAMENHOF 34080 MONTPELLIER,3.8262194,43.6156028,Hors QPV,Secteur Celleneuve,20150730,20550730,20150730,1,15,9,22,11,8,0
1001,LES AIGRETTES,rue de la GUETTE,34470,PEROLS,1001 LESAIGRETTESRUEDELAGUETTE 34470 PEROLS,3.95587743,43.56293876,Hors QPV,Secteur Agglomération,20131128,20531128,20131128,1,5,1,3,6,1,23
1002,LES JASMINS,RUE PAUL RIMBAUD,34080,MONTPELLIER,1002 LESJASMINSRUEPAULRIMBAUD 34080 MONTPELLIER,3.8377722,43.6170611,QPV,Secteur Celleneuve,20150914,20550914,20150914,1,50,15,38,20,18,8
1003,LE CLOS DES GARRIGUES,ALLEE DES HTS DE MONTPELLIER,34080,MONTPELLIER,1003 LECLOSDESGARRIGUES ALLEEDESHTSDEMONTPELLIER 34080 MONTPELLIER,3.811475,43.6402361,QPV,Secteur Gênes,20150622,20550622,20150622,1,37,14,31,17,8,0
1004,L'ESCOUDE,CHEMIN DE SUSSARGUES,34160,CASTRIES,1004 LESCOUDE CHEMINDESUSSARGUES 34160 CASTRIES,3.988898,43.684533,Hors QPV,Secteur Agglomération,20150204,20550204,20150204,1,7,2,6,1,2,3
1005,DELPHINUS,RUE JUPITER,34990,JUVIGNAC,1005 DELPHINUS RUEJUPITER 34990 JUVIGNAC,3.81329188,43.6168084,Hors QPV,Secteur Agglomération,20140619,20540619,20140619,1,53,15,41,18,7,1
1006,VELA,275 RUE DE LA VOIE LACTEE,34990,JUVIGNAC,1006 VELA 275RUEDELAVOIELACTEE 34990 JUVIGNAC,3.81289645,43.61625636,Hors QPV,Secteur Agglomération,20140929,20540929,20140929,1,28,6,33,14,10,3
1007,COLUMBA,RUE JUPITER,34990,JUVIGNAC,1007 COLOMBA RUEJUPITER 34990 JUVIGNAC,3.8090613,43.6176717,Hors QPV,Secteur Agglomération,20141028,20541028,20141028,1,53,10,48,19,3,7
1008,LES SERRES DE MAURIN,55-59 RUE DE LA ROSERAIE,34970,LATTES,1008 LESSERRESDEMAURIN 5559RUEDELAROSERAIE 34970 LATTES,3.87249382,43.55566292,Hors QPV,Secteur Agglomération,20141210,20541210,20141210,1,12,10,15,19,3,0
1009,OUTRE-PETIT PONT,AVE THEROIGNE DE MERICOURT,34000,MONTPELLIER,1009 OUTREPETITPONT AVETHEROIGNEDEMERICOURT 34000 MONTPELLIER,3.9040389,43.5986139,Hors QPV,Secteur Port Marianne,20150504,20550504,20150504,1,29,10,31,20,2,3
1011,PALOMA,812 Avenue Raymond Dugrand,34000,MONTPELLIER,1011 PALOMA 812AVENUERAYMONDDUGRAND 34000 MONTPELLIER,3.9023194,43.5981528,Hors QPV,Secteur Port Marianne,20150604,20550604,20150604,1,52,15,55,19,3,1
1012,LE CLOS DE LA CASTIOLE,RUE DU PERDIGAL,34670,ST BRES,1012 LECLOSDELACASTIOLE RUEDUPERDIGAL 34670 STBRES,4.0393417,43.6690417,Hors QPV,Secteur Agglomération,20150304,20550304,20150304,1,34,11,28,18,2,1
1014,ENTRE MELEE,RUE DE BUGAREL,34070,MONTPELLIER,1014 ENTREMELEE RUEDEBUGAREL 34070 MONTPELLIER,3.850325,43.591675,Hors QPV,Secteur Ovalie,20160120,20560120,20160120,1,21,4,24,9,2,0
1015,LE CHARDON,RUE DE BUGAREL,34070,MONTPELLIER,1015 LECHARDON RUEDEBUGAREL 34070 MONTPELLIER,3.8506528,43.5917861,Hors QPV,Secteur Ovalie,20170530,20570530,20170530,1,43,10,37,14,1,1
1016,LE PETIT ST JEAN,CHEMIN DE LA ROQUE,34430,ST JEAN DE VEDAS,1016 LEPETITSTJEAN CHEMINDELAROQUE 34430 STJEANDEVEDAS,3.8309194,43.5731417,Hors QPV,Secteur Agglomération,20150317,20550317,20150317,1,27,9,26,13,3,0
1017,QUAI LIBERTE,RUE LAFEUILLADE,34000,MONTPELLIER,1017 QUAILIBERTE RUELAFEUILLADE 34000 MONTPELLIER,3.863766,43.605399,Hors QPV,Secteur Astruc,20161115,20561115,20161115,1,17,8,26,13,0,1
1018,MARIA CASARES,30-34-40 RUE DES CLEMATITES,34000,MONTPELLIER,1018 MARIACASARES 303440RUEDESCLEMATITES 34000 MONTPELLIER,3.881490,43.597820,Hors QPV,Secteur Rives du Lez,20181030,20581030,20181030,1,63,15,82,20,7,0
1019,23 Fbg FIGUEROLLES,fbg FIGUEROLLES,34070,MONTPELLIER,1019 23FBGFIGUEROLLES FBGFIGUEROLLES 34070 MONTPELLIER,3.86736958,43.60765003,QPV,Secteur Astruc,19000101,19400101,20140401,1,0,0,0,1,3,1
1020,RUE DE METZ,rue de METZ,34070,MONTPELLIER,1020 RUEDEMETZ RUEDEMETZ 34070 MONTPELLIER,3.86533682,43.6073926,QPV,Secteur Astruc,20141028,20541028,20141028,1,0,0,2,0,0,0
1021,RUE DU PERE FABRE,RUE DU PERE FABRE,34070,MONTPELLIER,1021 RUEDUPEREFABRE RUEDUPEREFABRE 34070 MONTPELLIER,3.86575541,43.60778741,QPV,Secteur Astruc,19000101,19400101,20141103,1,4,0,2,0,0,0
1022,RUE ST ETIENNE,RUE ST ETIENNE,34070,MONTPELLIER,1022 RUESTETIENNE RUESTETIENNE 34070 MONTPELLIER,3.865655899,43.6077264,QPV,Secteur Astruc,19000101,19400101,20150210,1,0,0,0,0,0,0
1023,RUE DU GENERAL VINCENT,RUE DU GENERAL VINCENT,34070,MONTPELLIER,1023 RUEDUGENERALVINCENT RUEDUGENERALVINCENT 34070 MONTPELLIER,3.867349699,43.6084514,QPV,Secteur Astruc,19000101,19400101,20150210,1,0,0,0,0,0,0
1024,RUE DU GENERAL CLAPAREDE,RUE CLAPAREDE,34000,MONTPELLIER,1024 RUEDUGENERALCLAPAREDE RUECLAPAREDE 34000 MONTPELLIER,3.87021726,43.60796345,QPV,Secteur Astruc,19000101,19400101,20140124,1,0,0,0,0,1,2
1026,LES ACACIAS,Avenue des dragees,34070,MONTPELLIER,1026 LESACACIAS AVENUEDESDRAGEES 34070 MONTPELLIER,3.854220800,43.5792137,Hors QPV,Secteur Grisettes,20161215,20561215,20161215,1,55,16,44,21,5,0
1027,AMARETTI,Avenue des dragees,34070,MONTPELLIER,1027 AMARETTI AVENUEDESDRAGEES 34070 MONTPELLIER,3.85732893,43.58156039,Hors QPV,Secteur Grisettes,20150127,20550127,20150127,1,28,6,31,7,4,2
1028,ELIE WIESEL,60 RUE SABINE ET MIRON ZLATIN,34000,MONTPELLIER,1028 ELIEWIESEL 60RUESABINE&MIRONZLATIN 34000 MONTPELLIER,3.902933299,43.5966463,Hors QPV,Secteur Port Marianne,20171220,20571220,20171220,1,28,8,38,12,4,0
1029,ELIE WIESEL,40 RUE SABINE ET MIRON ZLATIN,34000,MONTPELLIER,1029 ELIEWIESEL 40RUESABINE&MIRONZLATIN 34000 MONTPELLIER,3.902933299,43.5966463,Hors QPV,Secteur Port Marianne,20171220,20571220,20170401,1,0,0,0,0,0,1
1031,LE MOKA,280-310 AVENUE DE LA REGLISSE,34070,MONTPELLIER,1031 LEMOKA 280310AVENUEDELAREGLISSE 34070 MONTPELLIER,3.8575861,43.5814389,Hors QPV,Secteur Grisettes,20160202,20560202,20160202,1,40,10,26,17,9,3
1032,LA CHISTERA,95-125 Av du Mondial Rugby 2007,34070,MONTPELLIER,1032 LACHISTERA 95125AVDUMONDIALRUGBY2007 34070 MONTPELLIER,3.8501639,43.590375,Hors QPV,Secteur Ovalie,20150723,20550723,20150723,1,38,9,42,19,9,1
1033,LES PUMAS,Rue Jean Coll de Carrera,34070,MONTPELLIER,1033 LESPUMAS RUEJEANCOLLDECARRERA 34070 MONTPELLIER,3.8427361,43.5921028,Hors QPV,Secteur Val De Croze,20150423,20550423,20150423,1,16,3,22,2,0,2
1034,KAORA,RUE ANDRE PUIG AUBERT,34070,MONTPELLIER,1034 KAORA RUEANDREPUIGAUBERT 34070 MONTPELLIER,3.84305,43.5917667,Hors QPV,Secteur Val De Croze,20150424,20550424,20150424,1,12,1,13,11,1,0
1037,LE QUAI LIBERTE,RUE LAFEUILLADE,34000,MONTPELLIER,1037 LEQUAILIBERTE RUELAFEUILLADE 34000 MONTPELLIER,3.863766,43.605399,Hors QPV,Secteur Astruc,20161015,20561015,20161015,1,4,1,5,3,2,0
1038,LOUIS PASTEUR,82 Rue Pasteur,34400,LUNEL,1038 LOUISPASTEUR 82RUEPASTEUR 34400 LUNEL,4.136564,43.674237,QPV,PSLA et ventes,20191230,20591230,20191230,1,0,0,0,0,0,1
1044,PHILIPPIDES,79 et 107 ALL PIERRE BLANCHET,34000,MONTPELLIER,1044 PHILIPPIDES 79&107ALLPIERREBLANCHET 34000 MONTPELLIER,3.868699999,43.6192,Hors QPV,Secteur Vert Bois,20190722,20590722,20190722,1,44,10,40,20,6,1
1045,L'ALBA,484 RUE DES PAPYRUS,34080,MONTPELLIER,1045 LALBA 484RUEDESPAPYRUS 34080 MONTPELLIER,3.850020800,43.6218575,Hors QPV,Secteur Las Rebes,20180711,20580711,20180711,1,28,8,39,10,7,0
1046,HELIOLITE,146 RUE DE LA VALSIERE,34080,MONTPELLIER,1046 HELIOLITE 146RUEDELAVALSIERE 34080 MONTPELLIER,3.8298941,43.6473439,Hors QPV,Secteur Malbosc,20201023,20601023,20201023,1,58,5,64,13,3,1
1047,LES AIRES,2 CHEMIN DES AIRES,34750,VILLENEUVE LES MAGUELONE,1047 LESAIRES 2CHEMINDESAIRES 34750 VILLENEUVELESMAGUELONE,3.861151457,43.53569794,Hors QPV,Secteur Agglomération,20211007,20611007,20211007,1,23,6,19,6,1,2
1048,VERNACCIA,RUE  DE CENTRAYRARGUES,34070,MONTPELLIER,1048 VERNACCIA RUEDECENTRAYRARGUES 34070 MONTPELLIER,3.888249599,43.5951628,Hors QPV,Secteur Près d'arènes,20160428,20560428,20160428,1,22,7,19,17,4,1
1049,SERGIO LEONE,Plan de sydney,34970,LATTES,1049 SERGIOLEONE PLANDESYDNEY 34970 LATTES,3.932287200,43.5914794,Hors QPV,Secteur Agglomération,20160908,20560908,20160908,1,30,11,36,11,3,0
1051,LEO MALET,RUE FAVRE DE ST CASTOR,34080,MONTPELLIER,1051 LEOMALET RUEFAVREDESTCASTOR 34080 MONTPELLIER,3.825956099,43.6160791,Hors QPV,Secteur Celleneuve,20160701,20560701,20160701,1,9,1,6,0,2,0
1052,ELLA FITZGERALD,21 RUE SERGE GAINSBOURG,34000,MONTPELLIER,1052 ELLAFITZGERALD 21RUESERGEGAINSBOURGZACPARCMARIANNELOT18B2 34000 MONTPELLIER,3.909790199,43.6000233,Hors QPV,Secteur Port Marianne,20190128,20590128,20190128,1,30,5,26,15,2,2
1053,LE HAMEAU DES FAUVETTES,Rue LOUS CLACS,34660,COURNONSEC,1053 LEHAMEAUDESFAUVETTES RUELOUSCLACS 34660 COURNONSEC,3.697682,43.541472,Hors QPV,Secteur Agglomération,20160915,20560915,20160915,1,23,4,22,6,1,0
1054,NAÏA,852 Avenue RAYMOND DUGRAND,34000,MONTPELLIER,1054 NAIA 852AVENUERAYMONDDUGRAND 34000 MONTPELLIER,3.902970099,43.5982077,Hors QPV,Secteur Port Marianne,20150915,20550915,20150915,1,8,0,11,4,0,0
1055,FOLIA VERDE,4325 boulevard paul valery,34070,MONTPELLIER,1055 FOLIAVERDE 4325BOULEVARDPAULVALERY 34070 MONTPELLIER,3.862095299,43.5856707,Hors QPV,Secteur Croix d'argent,20170928,20570928,20170928,1,6,3,6,5,2,0
1056,SO FREE,AVUE ETIENNE MEHUL,34070,MONTPELLIER,1056 SOFREE AVUEETIENNEMEHUL 34070 MONTPELLIER,3.8599139,43.5806972,Hors QPV,Secteur Grisettes,20151105,20551105,20151105,1,3,0,2,5,2,0
1057,RENE SUBIAS,IMPASSE DU STADE,34160,CASTRIES,1057 RENESUBIAS IMPASSEDUSTADE 34160 CASTRIES,3.988846500,43.6811297,Hors QPV,Secteur Agglomération,20170228,20570228,20170228,1,9,3,6,6,1,2
1058,RENE SUBIAS II,IMPASSE DU STADE,34160,CASTRIES,1058 RENESUBIASII IMPASSEDUSTADE 34160 CASTRIES,,,Hors QPV,PSLA et ventes,20161201,20561201,20161201,1,,,,,,
1059,LE CORTEN,RUE CHARLES WARNERY,34430,ST JEAN DE VEDAS,1059 LECORTEN RUECHARLESWARNERY 34430 STJEANDEVEDAS,3.833914,43.571888,Hors QPV,Secteur Agglomération,20161117,20561117,20161117,1,10,1,10,1,1,0
1060,JEAN MARCEL CASTET,376 AVENUE GEORGES FRECHE,34160,CASTRIES,1060 JEANMARCELCASTET 376AVENUEGEORGESFRECHE 34160 CASTRIES,3.985997557,43.67030083,Hors QPV,Secteur Agglomération,20170711,20570711,20170711,1,27,7,14,20,1,0
1061,COLOMBIERE 2,570 Route de Ganges,34000,MONTPELLIER,1061 COLOMBIERE2 570ROUTEDEGANGES 34000 MONTPELLIER,3.777357599,43.73983339,Hors QPV,,20160825,20560825,20160825,1,0,0,0,0,0,0
1062,VAL PIERRE DURAND,RUE DE ST PRIEST,34090,MONTPELLIER,1062 VALPIERREDURAND RUEDESTPRIEST 34090 MONTPELLIER,3.835789699,43.63679399,Hors QPV,Secteur Bastide,20160513,20560513,20160513,1,8,2,8,4,0,0
1063,BOISEO,RUE DE LA CROIX DE FIGUEROLLES,34000,MONTPELLIER,1063 BOISEO RUEDELACROIXDEFIGUEROLLES 34000 MONTPELLIER,3.846028599,43.6039842,Hors QPV,Secteur Pas du Loup,20170222,20570222,20170222,1,11,2,12,7,2,1
1064,LOUIS GUILLAUME PERREAUX,2000 Rue de La Croix verte,34090,MONTPELLIER,1064 LOUISGUILLAUMEPERREAUX 2000RUEDELACROIXVERTE 34090 MONTPELLIER,3.843882399,43.6419524,Hors QPV,Secteur Bastide,20180411,20580411,20180411,1,13,6,19,6,1,2
1065,PALOMAYA,1016 AVENUE RAYMOND DUGRAND,34070,MONTPELLIER,1065 PALOMAYA 1016AVENUERAYMONDDUGRAND 34070 MONTPELLIER,3.903431,43.597323,Hors QPV,Secteur Port Marianne,20191112,20591112,20191112,1,32,5,34,14,4,1
1066,PAUL RIMBAUD,RUE PAUL RIMBAUD,34080,MONTPELLIER,1066 PAULRIMBAUD RUEPAULRIMBAUD 34080 MONTPELLIER,3.84583439,43.61904135,QPV,Secteur Las Rebes,19740101,20140101,20141217,1,6,0,5,2,2,0
1067,URBAN GRAPHIK,ALLEE PIERRE BLANCHET,34090,MONTPELLIER,1067 URBANGRAPHIK ALLEEPIERREBLANCHET 34090 MONTPELLIER,3.869333099,43.6176264,Hors QPV,Secteur Vert Bois,20170330,20570330,20170330,1,13,4,12,5,4,0
1068,FOLIAVERDE ULS,4325 boulevard paul valery,34070,MONTPELLIER,1068 FOLIAVERDEULS 4325BOULEVARDPAULVALERY 34070 MONTPELLIER,3.863892,43.584598,Hors QPV,Secteur Croix d'argent,20170928,20570928,20170901,1,5,1,8,2,1,1
1070,MAS DE VIGAN,RUE DES HIBISCUS,34070,MONTPELLIER,1070 MASDEVIGAN RUEDESHIBISCUS 34070 MONTPELLIER,3.8547639,43.5917056,Hors QPV,Secteur Ovalie,19940207,20340207,20160101,1,14,5,18,13,7,1
1071,AMBROISE CROIZAT,310 RUE CLAUDE LEVI-STRAUSS,34000,MONTPELLIER,1071 AMBROISECROIZAT 310RUECLAUDELEVISTRAUSS 34000 MONTPELLIER,3.902934,43.596848,Hors QPV,Secteur Port Marianne,20200720,20600720,20200720,1,36,16,39,23,8,0
1072,EASY LIFE,65 AVENUE DES PRES D'ARENES,34000,MONTPELLIER,1072 EASYLIFE 65AVENUEDESPRESDARENES 34000 MONTPELLIER,3.878816,43.595232,Hors QPV,Secteur Gare,20170712,20570712,20170712,1,8,2,7,1,0,13
1074,PRE AUX CLERCS,721 RUE DU PRE AUX CLERCS,34090,MONTPELLIER,1074 PREAUXCLERCS 721RUEDUPREAUXCLERCS 34090 MONTPELLIER,3.873792409,43.62464904,Hors QPV,Secteur Vert Bois,19810101,20210101,20151201,1,71,15,70,23,9,0
1075,240 AVENUE DE LODEVE,240 AVENUE DE LODEVE,34080,MONTPELLIER,1075 240AVENUEDELODEVE 240AVENUEDELODEVE 34080 MONTPELLIER,3.83168,43.61532,Hors QPV,Secteur Villon,19890915,20290915,20150801,1,0,0,0,0,0,2
1076,FRANCOIS VILLON,240 AVENUE DE LODEVE,34080,MONTPELLIER,1076 FRANCOISVILLON 240AVENUEDELODEVE 34080 MONTPELLIER,,,Hors QPV,Secteur Villon,19890915,20290915,20150801,1,,,,,,
1077,LES CLAUZADES,IMPASSE DES ABRICOTIERS,34400,LUNEL,1077 LESCLAUZADES IMPASSEDESABRICOTIERS 34400 LUNEL,4.1459806,43.6775472,Hors QPV,Secteur Lunel,19980622,20380622,20160101,1,19,12,13,26,6,3
1078,ORIGAMI,448 RUE DE LA MADELEINE,34070,MONTPELLIER,1078 ORIGAMI 448RUEDELAMADELEINE 34070 MONTPELLIER,3.860686,43.581791,Hors QPV,Secteur Grisettes,20180727,20580727,20180727,1,23,4,21,4,3,2
1079,JARDINS DE BOHEME,20-60 ALLEE LEONIE BRAS,34070,MONTPELLIER,1079 JARDINSDEBOHEME 2060ALLEELEONIEBRAS 34070 MONTPELLIER,3.8596709,43.5896325,Hors QPV,Secteur Croix d'argent,20201021,20601021,20201021,1,43,5,44,8,3,0
1081,JARDINS DE LA ROUVIERE,RUE DU BRUCQ,34430,ST JEAN DE VEDAS,1081 JARDINSDELAROUVIERE RUEDUBRUCQ 34430 STJEANDEVEDAS,3.833515799,43.56578619,Hors QPV,Secteur Agglomération,20170928,20570928,20170928,1,27,3,19,0,0,4
1082,LE TECH DE MASSANE,631 AVENUE DU COMTE DE NICE,34080,MONTPELLIER,1082 LETECHDEMASSANE 631AVENUEDUCOMTEDENICE 34080 MONTPELLIER,3.812612,43.641275,QPV,Secteur Belvedère,20200708,20600708,20200708,1,48,11,53,18,17,9
1084,ZEPHYR,571 AVENUE DU COMTE DE NICE,34080,MONTPELLIER,1084 ZEPHYR 571AVENUEDUCOMTEDENICE 34080 MONTPELLIER,3.8125097,43.6414663,QPV,Secteur Belvedère,20200630,20600630,20200630,1,15,3,18,7,4,4
1086,THERESE CLERC,260 RUE JACQUES FOUROUX,34070,MONTPELLIER,1086 THERESECLERC 260RUEJACQUESFOUROUX 34070 MONTPELLIER,3.8523833,43.5901701,Hors QPV,Secteur Ovalie,20210607,20610607,20210607,1,48,15,51,11,7,2
1087,LES NENUPHARS,71 RUE DES NENUPHARS,34400,LUNEL,1087 LESNENUPHARS 71RUEDESNENUPHARS 34400 LUNEL,4.137987,43.6777582,QPV,Secteur Lunel,20000208,20400208,20160601,1,0,0,2,5,2,0
1088,LE FRIGOULET,100 Rue de la Billiere,34660,COURNONSEC,1088 LEFRIGOULET 100RUEDELABILLIERE 34660 COURNONSEC,,,Hors QPV,PSLA et ventes,20190215,20590215,20190215,1,0,0,0,0,0,1
1091,OPALINE,28 Avenue Roger couderc,34070,MONTPELLIER,1091 OPALINE 28AVENUEROGERCOUDERC 34070 MONTPELLIER,3.853720000,43.5905,Hors QPV,Secteur Ovalie,20191205,20591205,20191205,1,18,5,17,4,3,0
1092,HUBERTINE AUCLERT,38 RUE LAURENT FRANCOIS,34070,MONTPELLIER,1092 HUBERTINEAUCLERT 38RUELAURENTFRANCOIS 34070 MONTPELLIER,3.859869,43.600827,Hors QPV,Secteur Gely,20191018,20591018,20191018,1,24,7,21,9,2,0
1093,CLOS STE MARGUERITE,819 Rue de l'Aiguelongue,34090,MONTPELLIER,1093 CLOSSTEMARGUERITE 819RUEDELAIGUELONGUE 34090 MONTPELLIER,3.878132000,43.6352144,Hors QPV,Secteur Aiguelongue,20180630,20580630,20180630,1,6,1,2,4,0,2
1094,COPPELIA,229 RUE GEORGES SEGUY,34080,MONTPELLIER,1094 COPPELIA 229RUEGEORGESSEGUY 34080 MONTPELLIER,3.826531,43.6184465,Hors QPV,Secteur Celleneuve,20201217,20601217,20201217,1,25,7,23,9,5,1
1097,LE HAKA,1151 RUE DU PASSAGE DU LOUP,34070,MONTPELLIER,1097 LEHAKA 1151RUEDUPASSAGEDULOUP 34070 MONTPELLIER,3.842162,43.592287,Hors QPV,Secteur Val De Croze,20191218,20591218,20191218,1,19,4,20,4,3,0
1098,SIMONE VEIL,598 AVENUE GEORGES FRECHE,34160,CASTRIES,1098 SIMONEVEIL 598AVENUEGEORGESFRECHE 34160 CASTRIES,3.985979,43.6694147,Hors QPV,Secteur Agglomération,20201210,20601210,20201210,1,19,4,13,4,2,0
1099,O'ROCH,1 RUE IRENE JOLIOT-CURIE,34000,MONTPELLIER,1099 OROCH 1RUEIRENEJOLIOTCURIE 34000 MONTPELLIER,3.8757902,43.6024113,Hors QPV,Secteur Gare,20220517,20620517,20220517,1,5,0,5,1,1,0
1101,HYGIE,1008 Rue de la Croix Verte,34090,MONTPELLIER,1101 HYGIE 1008RUEDELACROIXVERTE 34090 MONTPELLIER,3.842412,43.643411,Hors QPV,Secteur Bastide,20190517,20590517,20190517,1,39,6,31,11,1,3
1102,VIA PROPOLIS,ALLEE DE LA LYRE,34660,COURNONTERRAL,1102 VIAPROPOLIS ALLEEDELALYRELESJARDINSDHELIOS 34660 COURNONTERRAL,3.72878,43.5659,Hors QPV,Secteur Agglomération,20200420,20600420,20200420,1,24,9,30,7,2,2
1103,JOÏA,8 BIS RUE BEAU SEJOUR,34090,MONTPELLIER,1103 JOIA 8BISRUEBEAUSEJOUR 34090 MONTPELLIER,3.8840087,43.6195162,Hors QPV,Secteur Beaux Arts,20210929,20610929,20210929,1,16,1,11,4,4,2
1107,EDEN ROCH,120 RUE CATALAN,34000,MONTPELLIER,1107 EDENROCH 120RUECATALAN 34000 MONTPELLIER,3.876139879,43.60318756,Hors QPV,Secteur Gare,20211210,20611210,20211210,1,23,12,24,11,2,1
1108,GARDEN BERTHELOT,8 BOULEVARD BERTHELOT,34000,MONTPELLIER,1108 GARDENBERTHELOT 8BOULEVARDBERTHELOT 34000 MONTPELLIER,3.870677500,43.60048679,Hors QPV,Secteur Gare,20190716,20590716,20190716,1,0,0,1,2,7,0
1109,ARETHA FRANKLIN,2 avenue du castelet,34830,CLAPIERS,1109 ARETHAFRANKLIN 2AVENUEDUCASTELET 34830 CLAPIERS,3.889170000,43.6583,Hors QPV,Secteur Agglomération,20191213,20591213,20191213,1,13,2,16,4,2,2
1110,KAILAO,19 RUE DES WALLABIES,34070,MONTPELLIER,1110 KAILAO 19RUEDESWALLABIES 34070 MONTPELLIER,3.8477599,43.5902644,Hors QPV,Secteur Ovalie,20210517,20610517,20210517,1,24,8,27,11,0,0
1111,CAMPUS EMMA,473 Avenue du Major Flandre,34090,MONTPELLIER,1111 CAMPUSEMMA 473AVENUEDUMAJORFLANDRE 34090 MONTPELLIER,3.8706214,43.62938,Hors QPV,Secteur Vert Bois,20200311,20600311,20200311,1,0,3,5,1,0,0
1112,L'INTERVALLE,168 AV DU MONDIAL DE RUGBY 2007,34070,MONTPELLIER,1112 LINTERVALLE 168AVDUMONDIALDERUGBY2007 34070 MONTPELLIER,3.8517802,43.5887817,Hors QPV,Secteur Ovalie,20210430,20610430,20210430,1,31,7,29,3,1,1
1113,EKLA,140 RUE YVES BONNEFOY,34000,MONTPELLIER,1113 EKLA 140RUEYVESBONNEFOY 34000 MONTPELLIER,3.9104954,43.6032541,Hors QPV,Secteur Millénaire,20210621,20610621,20210621,1,34,10,31,10,4,1
1114,HARMONIA VERDE,2805 avenue etienne mehul,34070,MONTPELLIER,1114 HARMONIAVERDE 2805AVENUEETIENNEMEHUL 34070 MONTPELLIER,3.8599718,43.5783842,Hors QPV,Secteur Grisettes,20210304,20610304,20210304,1,24,6,35,8,2,0
1115,LORCAEE,675 RUE DE SAINT-HILAIRE,34000,MONTPELLIER,1115 LORCAEE 675RUEDESAINTHILAIRE 34000 MONTPELLIER,3.8916214,43.5915098,Hors QPV,Secteur Près d'arènes,20210219,20610219,20210219,1,5,2,3,2,0,0
1116,ÜNIVERSE,2 RUE DES CAMPANULES,34070,MONTPELLIER,1116 UNIVERSE 2RUEDESCAMPANULES 34070 MONTPELLIER,3.88029,43.5939815,Hors QPV,Secteur Gare,20221124,20621124,20221124,1,5,4,3,4,2,0
1117,INFINITE,359 AVENUE DES PRES D'ARENES,34000,MONTPELLIER,1117 INFINITE 359AVENUEDESPRESDARENES 34000 MONTPELLIER,3.8796373,43.5932703,Hors QPV,Secteur Gare,20210331,20610331,20210331,1,4,1,7,5,0,0
1121,LES IMPRESSIONNISTES,1640 BOULEVARD DE LA LIBERTE,34830,CLAPIERS,1121 LESIMPRESSIONNISTES 1640BOULEVARDDELALIBERTE 34830 CLAPIERS,3.899629831,43.65952682,Hors QPV,Secteur Agglomération,20210709,20610709,20210709,1,11,5,11,4,1,7
1122,NEO,273 RUE DE L'AGATHOIS,34080,MONTPELLIER,1122 NEO 273RUEDELAGATHOIS 34080 MONTPELLIER,3.8248036,43.6331391,Hors QPV,Secteur Gémeaux,20210622,20610622,20210622,1,10,7,13,4,14,1
1123,OAKY,7 RUE GRATIEN BOYER,34430,ST JEAN DE VEDAS,1123 OAKY 7RUEGRATIENBOYER 34430 STJEANDEVEDAS,3.827447,43.574464,Hors QPV,Secteur Agglomération,20200930,20600930,20200930,1,16,5,18,4,0,0
1124,HOME INSIDE,1087 AVENUE DE LA JUSTICE,34090,MONTPELLIER,1124 HOMEINSIDE 1087AVENUEDELAJUSTICEDECASTELNAU 34090 MONTPELLIER,3.88308,43.6265,Hors QPV,Secteur Aiguelongue,20191220,20591220,20191220,1,5,3,4,3,0,0
1125,VIA CEDRA,557 RUE DU PAS DU LOUP,34070,MONTPELLIER,1125 VIACEDRA 557RUEDUPASDULOUP 34070 MONTPELLIER,3.846202,43.596872,Hors QPV,Secteur Pas du Loup,20211125,20611125,20211125,1,15,3,8,1,0,0
1129,SALAMMBÔ,401 RUE GUSTAVE FLAUBERT,34070,MONTPELLIER,1129 SALAMMBO 401RUEGUSTAVEFLAUBERT 34070 MONTPELLIER,3.846637011,43.59401321,Hors QPV,Secteur Val De Croze,20220926,20620926,20220926,1,10,0,6,0,0,0
1131,PARC DU POETE,1899 AV VILLENEUVE D'ANGOULEME,34070,MONTPELLIER,1131 PARCDUPOETE 1899AVVILLENEUVEDANGOULEME 34070 MONTPELLIER,3.8622484,43.5856796,Hors QPV,Secteur Croix d'argent,20220712,20620712,20220712,1,8,2,6,0,0,0
1132,LES JARDINS D'EDEN,11 rue des coteaux,34430,ST JEAN DE VEDAS,1132 LESJARDINSDEDEN 11RUEDESCOTEAUX 34430 STJEANDEVEDAS,3.8365633,43.5772303,Hors QPV,Secteur Agglomération,20200721,20600721,20200721,1,10,1,7,1,0,0
1135,SKY LODGE,636 RUE GEORGES DENIZOT,34090,MONTPELLIER,1135 SKYLODGE 636RUEGEORGESDENIZOT 34090 MONTPELLIER,3.842295885,43.64199066,Hors QPV,Secteur Bastide,20211215,20611215,20211215,1,11,0,11,1,0,0
1136,ART CAMPUS,235 AVENUE PAUL BRINGUIER,34080,MONTPELLIER,1136 ARTCAMPUS 235AVENUEPAULBRINGUIER 34080 MONTPELLIER,3.8396792,43.6145601,Hors QPV,Secteur Celleneuve,20201204,20601204,20201204,1,6,0,6,2,0,0
1138,LES CYPRES,155 RUE BERNARD BLIER,34070,MONTPELLIER,1138 LESCYPRES 155RUEBERNARDBLIER 34070 MONTPELLIER,3.861784,43.5875079,Hors QPV,Secteur Croix d'argent,20210318,20610318,20210318,1,12,1,5,5,0,0
1143,KAELIS,206 RUE DU TRIOLET,34090,MONTPELLIER,1143 KAELIS 206RUEDUTRIOLET 34090 MONTPELLIER,3.8618887,43.6280646,Hors QPV,Secteur Aiguelongue,20220721,20620721,20220721,1,0,0,0,0,0,0
1149,L'APOTHICAIRE,868 ROUTE DE GANGES,34090,MONTPELLIER,1149 LAPOTHICAIRE 868ROUTEDEGANGES 34090 MONTPELLIER,3.8508218,43.6334456,Hors QPV,Secteur Bastide,20210730,20610730,20210730,1,3,2,4,3,0,0
1168,6 RUE DES TOURTERELLES,6 RUE DES TOURTERELLES,34090,MONTPELLIER,1168 6RUEDESTOURTERELLES 6RUEDESTOURTERELLES 34090 MONTPELLIER,3.8798288,43.6271926,QPV,Secteur Aiguelongue,20100101,20500101,20210330,1,0,0,0,0,0,0
1171,STUDENT FACTORY,277 AVENUE DES PRES D'ARENES,34070,MONTPELLIER,1171 STUDENTFACTORY 277AVENUEDESPRESDARENES 34070 MONTPELLIER,3.879892587,43.59259414,Hors QPV,Secteur Villon,20220731,20620731,20220731,1,0,0,0,0,0,0
1177,571 ROUTE DE MENDE,571 ROUTE DE MENDE,34090,MONTPELLIER,1177 571ROUTEDEMENDE 571ROUTEDEMENDE 34090 MONTPELLIER,3.8693025,43.6276277,Hors QPV,Secteur Vert Bois,20090701,20490701,20210927,1,0,0,2,0,1,0
1179,LE DON BOSCO,65 ALLEE DE L'ATTIQUE,34000,MONTPELLIER,1179 LEDONBOSCO 65ALLEEDELATTIQUE 34000 MONTPELLIER,3.890007257,43.60753250,Hors QPV,Secteur Antigone,19800101,20200101,20220328,1,0,0,0,0,0,0
1180,LES DEUX PONTS,3 RUE DES DEUX PONTS,34000,MONTPELLIER,1180 LESDEUXPONTS 3RUEDESDEUXPONTS 34000 MONTPELLIER,3.8821758,43.6050171,Hors QPV,Secteur Gare,19000101,19400101,20210927,1,0,0,0,0,0,0
1181,BOYER,8 RUE BOYER,34000,MONTPELLIER,1181 BOYER 8RUEBOYER 34000 MONTPELLIER,3.8796593,43.6029182,Hors QPV,Secteur Gare,19000101,19400101,20210930,1,0,0,0,1,0,0
1182,L'OREE DU BOIS,139 avenue d'occitanie,34090,MONTPELLIER,1182 LOREEDUBOIS 139AVENUEDOCCITANIE 34090 MONTPELLIER,3.8514337,43.6350441,Hors QPV,Secteur Bastide,19700101,20100101,20220303,1,0,0,0,0,0,66
1451,LA ROQUETTE,RUE LA ROQUETTE,34400,LUNEL,1451 LAROQUETTERUELAROQUETTE 34400 LUNEL,4.139051,43.671318,QPV,Secteur Lunel,19690501,20090501,20090101,1,231,74,196,156,70,25
1452,L'ABRIVADO,rue mario roustan,34400,LUNEL,1452 LABRIVADORUEMARIOROUSTAN 34400 LUNEL,4.126948,43.670284,QPV,Secteur Lunel,19801001,20201001,20090101,1,105,51,106,69,35,6
1454,LE CHAPEAU ROSE,RUE JULES ISAAC,34000,MONTPELLIER,1454 LECHAPEAUROSERUEJULESISAAC 34000 MONTPELLIER,3.898679,43.621216,Hors QPV,Secteur Pompignane,19830501,20230501,20090101,1,9,10,15,13,3,4
1455,LES PASTOURELLES,RUE DE SALAISONS,34000,MONTPELLIER,1455 LESPASTOURELLESRUEDESALAISONS 34000 MONTPELLIER,3.900682,43.621204,Hors QPV,Secteur Pompignane,19830501,20230501,20090101,1,24,11,18,10,11,4
1456,LES COSTIERES,AV DU DEVOIS,34170,CASTELNAU LE LEZ,1456 LESCOSTIERESAVDUDEVOIS 34170 CASTELNAULELEZ,3.923311,43.640591,Hors QPV,Secteur Agglomération,19831001,20231001,20090101,1,20,7,12,20,5,5
1458,LES SABLONS,RUE JULES ISSAC,34000,MONTPELLIER,1458 LESSABLONSRUEJULESISSAC 34000 MONTPELLIER,3.899307,43.621639,Hors QPV,Secteur Pompignane,19831201,20231201,20090101,1,45,12,48,21,9,7
1459,LES METAIRIES,RUE ST HILAIRE,34070,MONTPELLIER,1459 LESMETAIRIESRUESTHILAIRE 34070 MONTPELLIER,3.896437,43.593082,Hors QPV,Secteur Près d'arènes,19840401,20240401,20090101,1,49,28,43,28,16,39
1460,LE NOMBRE D'OR,PLACE DU NOMBRE D'OR,34000,MONTPELLIER,1460 LENOMBREDORPLACEDUNOMBREDOR 34000 MONTPELLIER,3.887615,43.608208,Hors QPV,Secteur Antigone,19840101,20240101,20090101,1,108,55,112,108,59,4
1461,LE RICHEMONT 1,Ave Villeneuve D'Angouleme,34070,MONTPELLIER,1461 LERICHEMONT1AVEVILLENEUVEDANGOULEME 34070 MONTPELLIER,3.866383,43.589176,Hors QPV,Secteur Croix d'argent,19841201,20241201,20090101,1,26,12,30,24,6,8
1462,TOURNEZY I,PLACE DE TIBERIADE,34000,MONTPELLIER,1462 TOURNEZYIPLACEDETIBERIADE 34000 MONTPELLIER,3.877428,43.581642,QPV,Secteur Tournezy,19850601,20250601,20090101,1,33,8,37,20,12,3
1463,BIOCLIMATIQUE,Rue de sicile,34000,MONTPELLIER,1463 BIOCLIMATIQUERUEDESICILE 34000 MONTPELLIER,3.813409,43.634987,QPV,Secteur Gênes,19860201,20260201,20090101,1,19,9,19,15,4,2
1464,LE RENAISSANCE,rue ADOLPHE MION,34000,MONTPELLIER,1464 LERENAISSANCERUEADOLPHEMION 34000 MONTPELLIER,3.88168038,43.60136856,Hors QPV,Secteur Gare,19860701,20260701,20090101,1,12,4,12,10,4,8
1465,RICHEMONT II,Ave Villeneuve D'Angouleme,34070,MONTPELLIER,1465 RICHEMONTIIAVEVILLENEUVEDANGOULEME 34070 MONTPELLIER,3.866458,43.588421,Hors QPV,Secteur Croix d'argent,19860615,20260615,20090101,1,50,18,45,38,15,0
1466,VILLA CARRIERA,Rue DES SEYCHELLES,34000,MONTPELLIER,1466 VILLACARRIERARUEDESSEYCHELLES 34000 MONTPELLIER,3.814863,43.642029,QPV,Secteur Gênes,19890101,20290101,20090101,1,17,4,11,7,3,2
1467,TERRASSES DE LA RAUZE,RUE DE ST HILAIRE,34000,MONTPELLIER,1467 TERRASSESDELARAUZERUEDESTHILAIRE 34000 MONTPELLIER,3.894654,43.592796,Hors QPV,Secteur Près d'arènes,19871001,20271001,20090101,1,20,7,17,14,13,1
1468,LA SOURCE,PLAN DU CLAPAS,34830,CLAPIERS,1468 LASOURCEPLANDUCLAPAS 34830 CLAPIERS,3.880716,43.657681,Hors QPV,Secteur Agglomération,19880401,20280401,20090101,1,0,3,7,11,6,1
1469,TOURNEZY 2,Rue Nelson Mandela,34070,MONTPELLIER,1469 TOURNEZY2RUENELSONMANDELA 34070 MONTPELLIER,3.878402,43.581352,QPV,Secteur Tournezy,19880515,20280515,20090101,1,14,10,22,20,4,5
1481,POINT ARGENT,RUE JACQUES BOUNIN,34070,MONTPELLIER,1481 POINTARGENT RUEJACQUESBOUNIN 34070 MONTPELLIER,3.863089,43.589031,Hors QPV,Secteur Croix d'argent,19890101,20290101,20090101,1,31,13,35,27,11,1
1482,LES MAGNOLIAS,RUE JACQUES BOUNIN,34070,MONTPELLIER,1482 LESMAGNOLIASRUEJACQUESBOUNIN 34070 MONTPELLIER,3.862775,43.589699,Hors QPV,Secteur Croix d'argent,19890101,20290101,19900201,1,9,7,16,19,4,2
1483,LE MAS DES PRUNETTES,RUE ABBE BREUIL,34070,MONTPELLIER,1483 LEMASDESPRUNETTESRUEABBEBREUIL 34070 MONTPELLIER,3.833586,43.598869,Hors QPV,Secteur Pas du Loup,19910814,20310814,20090101,1,23,9,18,16,1,0
1485,FREDERIC BAZILLE,RUE CLAUDE MONET,34090,MONTPELLIER,1485 FREDERICBAZILLERUECLAUDEMONET 34090 MONTPELLIER,3.889042,43.633373,Hors QPV,PSLA et ventes,19930701,20330701,20090101,1,,,,,,
1486,LE CHATEAU,RUE NORBERT CASTERET,34070,MONTPELLIER,1486 LECHATEAURUENORBERTCASTERET 34070 MONTPELLIER,3.833137,43.598061,Hors QPV,Secteur Pas du Loup,19920901,20320901,20090101,1,6,2,10,14,3,6
1488,PORTES DE PUITS DE GAUD,RUE PUITS DE GAUD,34430,ST JEAN DE VEDAS,1488 PORTESDEPUITSDEGAUDRUEPUITSDEGAUD 34430 STJEANDEVEDAS,3.824778,43.575352,Hors QPV,Secteur Agglomération,19940201,20340201,20090101,1,6,9,10,13,4,1
1489,LA FALUCHE 1,RUE BRUMAIRE,34000,MONTPELLIER,1489 LAFALUCHE1RUEBRUMAIRE 34000 MONTPELLIER,3.898408,43.602711,Hors QPV,Secteur Le Damier,19960301,20360301,20090101,1,24,7,27,22,10,3
1490,LE JARDIN DE L'ORTET,RUE FON DE HOPITAL,34430,ST JEAN DE VEDAS,1490 LEJARDINDELORTETRUEFONDEHOPITAL 34430 STJEANDEVEDAS,3.829232,43.577404,Hors QPV,Secteur Agglomération,19940701,20340701,20090101,1,4,3,5,5,3,0
1491,FREDERIC BAZILLE II,RUE CLAUDE MONET,34090,MONTPELLIER,1491 FREDERICBAZILLEIIRUECLAUDEMONET 34090 MONTPELLIER,3.889567,43.632557,Hors QPV,Secteur Aiguelongue,19941001,20341001,20090101,1,0,1,6,7,0,1
1492,LE LORRAIN,rue DES ABEILLES,34090,MONTPELLIER,1492 LELORRAIN RUEDESABEILLES 34090 MONTPELLIER,3.874826,43.619511,Hors QPV,Secteur Beaux Arts,19941215,20341215,20090101,1,7,6,15,17,5,5
1493,SIMON VOUET,rue DES ABEILLES,34090,MONTPELLIER,1493 SIMONVOUET RUEDESABEILLES 34090 MONTPELLIER,3.874307,43.619144,Hors QPV,Secteur Beaux Arts,19960701,20360701,20090101,1,7,2,12,10,8,1
1494,PHILIPPE DE CHAMPAIGNE,rue DES ABEILLES,34090,MONTPELLIER,1494 PHILIPPEDECHAMPAIGNE RUEDESABEILLES 34090 MONTPELLIER,3.874077,43.619347,Hors QPV,Secteur Beaux Arts,19951101,20351101,20090101,1,6,11,17,14,2,4
1496,LA FALUCHE 2,Rue FRIMAIRE,34000,MONTPELLIER,1496 LAFALUCHE2RUEFRIMAIRE 34000 MONTPELLIER,3.898377,43.60297,Hors QPV,Secteur Le Damier,19960401,20360401,20090101,1,4,5,6,9,6,4
1497,JEAN DE LA FONTAINE,RUE PAS DU LOUP,34070,MONTPELLIER,1497 JEANDELAFONTAINERUEPASDULOUP 34070 MONTPELLIER,3.845585,43.596962,QPV,Secteur Pas du Loup,19970101,20370101,20090101,1,4,8,8,11,7,1
1500,CHARLES PERRAULT,Rue FELIX EBOUE,34070,MONTPELLIER,1500 CHARLESPERRAULTRUEFELIXEBOUE 34070 MONTPELLIER,3.84596,43.596703,QPV,Secteur Pas du Loup,19980715,20380715,20090101,1,5,0,4,4,0,0
1506,VAL DE CROZE,RUE DU PALAIS D'ETE,34070,MONTPELLIER,1506 VALDECROZERUEDUPALAISDETE 34070 MONTPELLIER,3.842597,43.593014,Hors QPV,Secteur Val De Croze,19990616,20390616,20090101,1,2,1,1,0,0,3
1507,LES JARDINS DE TIBERIADE,Place DE BYBLOS,34000,MONTPELLIER,1507 LESJARDINSDETIBERIADEPLACEDEBYBLOS 34000 MONTPELLIER,3.881846,43.625256,Hors QPV,Secteur Aiguelongue,20000901,20400901,20090101,1,9,9,16,22,3,5
1508,TERRASSES DES PINS 1,ROUTE DE LODEVE,34080,MONTPELLIER,1508 TERRASSESDESPINS1ROUTEDELODEVE 34080 MONTPELLIER,3.823923,43.61525,Hors QPV,Secteur Celleneuve,20010701,20410701,20090101,1,11,0,9,4,2,0
1509,TERRASSES DES PINS 2,ROUTE DE LODEVE,34080,MONTPELLIER,1509 TERRASSESDESPINS2ROUTEDELODEVE 34080 MONTPELLIER,3.823636,43.615471,Hors QPV,Secteur Celleneuve,20000901,20400901,20090101,1,10,3,10,5,4,1
1512,LA PORTALIERE,Rue JEANNE DEMESSIEUX,34000,MONTPELLIER,1512 LAPORTALIERERUEJEANNEDEMESSIEUX 34000 MONTPELLIER,3.86626628,43.6172314,Hors QPV,Secteur Astruc,20030101,20430101,20090101,1,8,1,11,5,2,0
1513,LES MIRABELLES,Rue Pierre Saint Martin,34000,MONTPELLIER,1513 LESMIRABELLESRUEPIERRESAINTMARTIN 34000 MONTPELLIER,3.833284,43.597736,Hors QPV,Secteur Pas du Loup,20030515,20430515,20090101,1,0,1,0,2,0,6
1514,LE FLORES,Rue Antoine VALLOT,34000,MONTPELLIER,1514 LEFLORESRUEANTOINEVALLOT 34000 MONTPELLIER,3.881564,43.591278,Hors QPV,Secteur Près d'arènes,20040601,20440601,20090101,1,30,17,31,27,12,8
1517,LES PICHOLINES,RUE PHILIPPE CASTAN,34090,MONTPELLIER,1517 LESPICHOLINESRUEPHILIPPECASTAN 34090 MONTPELLIER,3.887551,43.626789,Hors QPV,Secteur Aiguelongue,20050727,20450727,20090101,1,21,8,28,23,15,7
1518,PIER LUIGI NERVI,RUE LE GRECO,34070,MONTPELLIER,1518 PIERLUIGINERVIRUELEGRECO 34070 MONTPELLIER,3.883934,43.588467,QPV,Secteur Tournezy,20061101,20461101,20090101,1,16,5,13,7,3,3
1519,JOSEPH LAMBOT,RUE LE GRECO,34070,MONTPELLIER,1519 JOSEPHLAMBOTRUELEGRECO 34070 MONTPELLIER,3.884233,43.588871,QPV,Secteur Tournezy,20070201,20470201,20090101,1,17,6,20,9,5,6
1523,ARTHUR YOUNG,RUE DES ARAUCARIAS,34080,MONTPELLIER,1523 ARTHURYOUNGRUEDESARAUCARIAS 34080 MONTPELLIER,3.838515,43.615292,QPV,Secteur Celleneuve,20080601,20480601,20090101,1,34,26,26,22,19,